,int_uid,area_name,sensorVehicle,pan_catalogIdentifier,ms_catalogIdentifier,pan_processedProductId,ms_processedProductId,orderNumber,acquisitionTime,productionDate,updateDate,bitsPerPixel,imageFileFormat,pan_pixelHeight,pan_pixelWidth,ms_pixelHeight,ms_pixelWidth,isDynamicRangeAdjusted,processingLevel,resamplingKernel,datum,mapProjection,mapProjectionZone,mapProjectionUnit,offNadirAngle,sunAzimuth,sunElevation,ms_n_bands,ms_band0,ms_band1,ms_band2,ms_band3,ms_band4,ms_band5,ms_band6,ms_band7,pan_tif_path,ms_tif_path,EPSG,geometry,area_m2,clouds_area_m2,cloud_ratio,area_m2_max,area_ratio,train_val_test
GE01_La_Spezia_2009_09_25_011651186010_0,0,La_Spezia,GE01,2030010563489B00,2030010563489800,64917094,64917095,011651186,2009-09-25 10:20:15.452590+00:00,2019-12-18 18:11:09+00:00,2019-12-18 19:03:38+00:00,16,GeoTiff,0.4749831855297089,0.4749831855297089,1.899932742118835,1.899932742118835,True,2A,NN,WGS84,UTM,32,Meter,24.134018,161.90286,43.632664,4,Blue,Green,Red,NIR,,,,,C:\Users\ono008\master\multispectral-super-resolution\data\toulon-laspezia\GE01_La_Spezia_2009_09_25_011651186010_0\011651186010_01_003\011651186010_01_003\011651186010_01\011651186010_01_P001_PAN\09SEP25102015-P2AS-011651186010_01_P001.TIF,C:\Users\ono008\master\multispectral-super-resolution\data\toulon-laspezia\GE01_La_Spezia_2009_09_25_011651186010_0\011651186010_01_003\011651186010_01_003\011651186010_01\011651186010_01_P001_MUL\09SEP25102015-M2AS-011651186010_01_P001.TIF,32632,"POLYGON ((566579.1805188915 4884504.55013421, 566677.9770214822 4884504.55013421, 570778.0318789963 4884430.452757282, 570778.0318789961 4880900.377723233, 564563.3518794953 4880900.377723234, 564565.2518122377 4884415.25329535, 566579.1805188915 4884504.55013421))",22153450.0,0.0,0.0,23535126.0,0.9412930272818595,test
GE01_La_Spezia_2011_01_24_011651197010_0,1,La_Spezia,GE01,2030010563690B00,2030010563690500,64922844,64922845,011651197,2011-01-24 10:22:46.106348+00:00,2019-12-18 20:14:09+00:00,2019-12-18 20:20:02+00:00,16,GeoTiff,0.4746895432472229,0.4746895432472229,1.898758172988892,1.898758172988892,True,2A,NN,WGS84,UTM,32,Meter,22.474161,161.80695,24.864824,4,Blue,Green,Red,NIR,,,,,C:\Users\ono008\master\multispectral-super-resolution\data\toulon-laspezia\GE01_La_Spezia_2011_01_24_011651197010_0\011651197010_01_003\011651197010_01_003\011651197010_01\011651197010_01_P001_PAN\11JAN24102246-P2AS-011651197010_01_P001.TIF,C:\Users\ono008\master\multispectral-super-resolution\data\toulon-laspezia\GE01_La_Spezia_2011_01_24_011651197010_0\011651197010_01_003\011651197010_01_003\011651197010_01\011651197010_01_P001_MUL\11JAN24102246-M2AS-011651197010_01_P001.TIF,32632,"POLYGON ((564561.8024359376 4884684.277993976, 570778.3366943334 4884684.277993975, 570778.336694333 4880900.052956074, 564561.8024359373 4880900.052956077, 564561.8024359376 4884684.277993976))",23524764.0,0.0,0.0,23535126.0,0.9995597219237322,test
GE01_La_Spezia_2012_02_23_011651192010_0,2,La_Spezia,GE01,2030010563727300,2030010563727000,64924632,64924633,011651192,2012-02-23 10:13:21.177971+00:00,2019-12-18 21:26:36+00:00,2019-12-18 22:07:12+00:00,16,GeoTiff,0.4426323175430298,0.4426323175430298,1.770529270172119,1.770529270172119,True,2A,NN,WGS84,UTM,32,Meter,16.092638,156.0844,33.100178,4,Blue,Green,Red,NIR,,,,,C:\Users\ono008\master\multispectral-super-resolution\data\toulon-laspezia\GE01_La_Spezia_2012_02_23_011651192010_0\011651192010_01_003\011651192010_01_003\011651192010_01\011651192010_01_P001_PAN\12FEB23101321-P2AS-011651192010_01_P001.TIF,C:\Users\ono008\master\multispectral-super-resolution\data\toulon-laspezia\GE01_La_Spezia_2012_02_23_011651192010_0\011651192010_01_003\011651192010_01_003\011651192010_01\011651192010_01_P001_MUL\12FEB23101321-M2AS-011651192010_01_P001.TIF,32632,"POLYGON ((564561.8075788947 4884684.653462441, 570778.135846499 4884684.653462439, 570778.1358464988 4880901.032412945, 564561.8075788943 4880901.032412947, 564561.8075788947 4884684.653462441))",23520230.0,0.0,0.0,23535126.0,0.9993670737093143,val
GE01_La_Spezia_2012_05_07_011651189010_0,3,La_Spezia,GE01,2030010563738800,2030010563738300,64924875,64924876,011651189,2012-05-07 10:08:51.451091+00:00,2019-12-18 21:33:02+00:00,2019-12-19 13:28:29+00:00,16,GeoTiff,0.4627453088760376,0.4627453088760376,1.85098123550415,1.85098123550415,True,2A,NN,WGS84,UTM,32,Meter,19.22717,146.4753,59.451893,4,Blue,Green,Red,NIR,,,,,C:\Users\ono008\master\multispectral-super-resolution\data\toulon-laspezia\GE01_La_Spezia_2012_05_07_011651189010_0\011651189010_01_003\011651189010_01_003\011651189010_01\011651189010_01_P001_PAN\12MAY07100851-P2AS-011651189010_01_P001.TIF,C:\Users\ono008\master\multispectral-super-resolution\data\toulon-laspezia\GE01_La_Spezia_2012_05_07_011651189010_0\011651189010_01_003\011651189010_01_003\011651189010_01\011651189010_01_P001_MUL\12MAY07100851-M2AS-011651189010_01_P001.TIF,32632,"POLYGON ((564562.4650701015 4884685.570436031, 570778.0600589548 4884685.57043603, 570776.2090777191 4883489.836558167, 564645.7592256996 4883347.311003068, 564562.4650701015 4883347.311003067, 564562.4650701015 4884685.570436031))",7879835.5,329447.47,0.041808926,23535126.0,0.33481169805506883,val
GE01_La_Spezia_2012_05_16_011651187010_0,4,La_Spezia,GE01,2030010563726F00,2030010563726D00,64924628,64924629,011651187,2012-05-16 10:35:28.662715+00:00,2019-12-18 21:26:25+00:00,2019-12-19 13:17:12+00:00,16,GeoTiff,0.4991109371185303,0.4991109371185303,1.996443748474121,1.996443748474121,True,2A,NN,WGS84,UTM,32,Meter,25.70542,157.31223,63.84574,4,Blue,Green,Red,NIR,,,,,C:\Users\ono008\master\multispectral-super-resolution\data\toulon-laspezia\GE01_La_Spezia_2012_05_16_011651187010_0\011651187010_01_003\011651187010_01_003\011651187010_01\011651187010_01_P001_PAN\12MAY16103528-P2AS-011651187010_01_P001.TIF,C:\Users\ono008\master\multispectral-super-resolution\data\toulon-laspezia\GE01_La_Spezia_2012_05_16_011651187010_0\011651187010_01_003\011651187010_01_003\011651187010_01\011651187010_01_P001_MUL\12MAY16103528-M2AS-011651187010_01_P001.TIF,32632,"POLYGON ((564562.5985240072 4884684.694498987, 570777.5279130373 4884684.694498985, 570775.5314692887 4883295.169650366, 564562.5985240071 4883293.173206619, 564562.5985240072 4884684.694498987))",8640614.0,0.0,0.0,23535126.0,0.36713693395990316,val
GE01_La_Spezia_2013_07_07_011651184010_0,5,La_Spezia,GE01,2030010563735C00,2030010563735A00,64924836,64924837,011651184,2013-07-07 10:27:39.584734+00:00,2019-12-18 21:31:11+00:00,2019-12-19 13:19:01+00:00,16,GeoTiff,0.4491132497787476,0.4491132497787476,1.79645299911499,1.79645299911499,True,2A,NN,WGS84,UTM,32,Meter,18.593895,146.08272,65.52252,4,Blue,Green,Red,NIR,,,,,C:\Users\ono008\master\multispectral-super-resolution\data\toulon-laspezia\GE01_La_Spezia_2013_07_07_011651184010_0\011651184010_01_003\011651184010_01_003\011651184010_01\011651184010_01_P001_PAN\13JUL07102739-P2AS-011651184010_01_P001.TIF,C:\Users\ono008\master\multispectral-super-resolution\data\toulon-laspezia\GE01_La_Spezia_2013_07_07_011651184010_0\011651184010_01_003\011651184010_01_003\011651184010_01\011651184010_01_P001_MUL\13JUL07102739-M2AS-011651184010_01_P001.TIF,32632,"POLYGON ((564562.5263235302 4884684.824422034, 567190.7370612462 4884684.824422034, 566993.1272313424 4880899.697953763, 564562.5263235301 4880899.697953764, 564562.5263235302 4884684.824422034))",9574121.0,2079441.4,0.21719398,23535126.0,0.40680134875844726,val
GE01_La_Spezia_2013_07_15_011651183010_0,6,La_Spezia,GE01,2030010563737600,2030010563737400,64924861,64924862,011651183,2013-07-15 10:19:13.153157+00:00,2019-12-18 21:32:21+00:00,2019-12-19 13:24:04+00:00,16,GeoTiff,0.4206486344337463,0.4206486344337463,1.682594537734985,1.682594537734985,True,2A,NN,WGS84,UTM,32,Meter,9.762947,142.65485,63.562943,4,Blue,Green,Red,NIR,,,,,C:\Users\ono008\master\multispectral-super-resolution\data\toulon-laspezia\GE01_La_Spezia_2013_07_15_011651183010_0\011651183010_01_003\011651183010_01_003\011651183010_01\011651183010_01_P001_PAN\13JUL15101913-P2AS-011651183010_01_P001.TIF,C:\Users\ono008\master\multispectral-super-resolution\data\toulon-laspezia\GE01_La_Spezia_2013_07_15_011651183010_0\011651183010_01_003\011651183010_01_003\011651183010_01\011651183010_01_P001_MUL\13JUL15101913-M2AS-011651183010_01_P001.TIF,32632,"POLYGON ((564562.8381651072 4884684.466323434, 566797.3237112283 4884684.466323433, 566819.1974402189 4880898.628614397, 564562.8381651072 4880898.628614398, 564562.8381651072 4884684.466323434))",8500805.0,0.0,0.0,23535126.0,0.36119649412541915,test
GE01_La_Spezia_2013_07_18_011651195010_0,7,La_Spezia,GE01,2030010563719700,2030010563719400,64924443,64924444,011651195,2013-07-18 10:28:18.195235+00:00,2019-12-18 21:22:16+00:00,2019-12-18 22:07:14+00:00,16,GeoTiff,0.4498182833194733,0.4498182833194733,1.799273133277893,1.799273133277893,True,2A,NN,WGS84,UTM,32,Meter,18.26952,147.34311,64.02099,4,Blue,Green,Red,NIR,,,,,C:\Users\ono008\master\multispectral-super-resolution\data\toulon-laspezia\GE01_La_Spezia_2013_07_18_011651195010_0\011651195010_01_003\011651195010_01_003\011651195010_01\011651195010_01_P001_PAN\13JUL18102818-P2AS-011651195010_01_P001.TIF,C:\Users\ono008\master\multispectral-super-resolution\data\toulon-laspezia\GE01_La_Spezia_2013_07_18_011651195010_0\011651195010_01_003\011651195010_01_003\011651195010_01\011651195010_01_P001_MUL\13JUL18102818-M2AS-011651195010_01_P001.TIF,32632,"POLYGON ((564561.7544840456 4884684.469814077, 567127.5179721105 4884684.469814077, 566949.3899319149 4880898.799142526, 564561.7544840454 4880898.799142526, 564561.7544840456 4884684.469814077))",9375969.0,0.0,0.0,23535126.0,0.3983819334555507,test
GE01_La_Spezia_2013_07_23_011651202010_0,8,La_Spezia,GE01,20300105636D9400,20300105636D9200,64923685,64923686,011651202,2013-07-23 10:10:19.755750+00:00,2019-12-18 20:57:39+00:00,2019-12-18 21:02:56+00:00,16,GeoTiff,0.4439558982849121,0.4439558982849121,1.775823593139648,1.775823593139648,True,2A,NN,WGS84,UTM,32,Meter,15.880422,140.0304,61.22197,4,Blue,Green,Red,NIR,,,,,C:\Users\ono008\master\multispectral-super-resolution\data\toulon-laspezia\GE01_La_Spezia_2013_07_23_011651202010_0\011651202010_01_003\011651202010_01_003\011651202010_01\011651202010_01_P001_PAN\13JUL23101019-P2AS-011651202010_01_P001.TIF,C:\Users\ono008\master\multispectral-super-resolution\data\toulon-laspezia\GE01_La_Spezia_2013_07_23_011651202010_0\011651202010_01_003\011651202010_01_003\011651202010_01\011651202010_01_P001_MUL\13JUL23101019-M2AS-011651202010_01_P001.TIF,32632,"POLYGON ((564562.9554145663 4884684.926673025, 567944.1235359187 4884684.926673023, 567956.5543010706 4883546.623750083, 568016.9323032375 4880898.870773316, 564562.9554145662 4880898.870773316, 564562.9554145663 4884684.926673025))",12921213.0,0.0,0.0,23535126.0,0.5490182206800167,test
GE01_La_Spezia_2017_04_16_011651188010_0,9,La_Spezia,GE01,2030010563736D00,2030010563736900,64924855,64924856,011651188,2017-04-16 10:32:44.196268+00:00,2019-12-18 21:31:38+00:00,2019-12-18 21:32:55+00:00,16,GeoTiff,0.4911006987094879,0.4911006987094879,1.964402794837952,1.964402794837952,True,2A,NN,WGS84,UTM,32,Meter,25.077953,159.3525,54.81825,4,Blue,Green,Red,NIR,,,,,C:\Users\ono008\master\multispectral-super-resolution\data\toulon-laspezia\GE01_La_Spezia_2017_04_16_011651188010_0\011651188010_01_003\011651188010_01_003\011651188010_01\011651188010_01_P001_PAN\17APR16103244-P2AS-011651188010_01_P001.TIF,C:\Users\ono008\master\multispectral-super-resolution\data\toulon-laspezia\GE01_La_Spezia_2017_04_16_011651188010_0\011651188010_01_003\011651188010_01_003\011651188010_01\011651188010_01_P001_MUL\17APR16103244-M2AS-011651188010_01_P001.TIF,32632,"POLYGON ((564561.7511756301 4884685.708265559, 570779.0860213224 4884685.708265558, 570779.0860213221 4880900.304080768, 564561.75117563 4880900.304080769, 564561.7511756301 4884685.708265559))",23535126.0,0.0,0.0,23535126.0,1.0,val
GE01_La_Spezia_2019_01_03_011651196010_0,10,La_Spezia,GE01,203001056371F100,203001056371EC00,64924521,64924523,011651196,2019-01-03 10:13:18.715291+00:00,2019-12-18 21:23:21+00:00,2019-12-18 21:24:27+00:00,16,GeoTiff,0.4745506346225739,0.4745506346225739,1.898202538490295,1.898202538490295,True,2A,NN,WGS84,UTM,32,Meter,21.912964,162.28482,21.276245,4,Blue,Green,Red,NIR,,,,,C:\Users\ono008\master\multispectral-super-resolution\data\toulon-laspezia\GE01_La_Spezia_2019_01_03_011651196010_0\011651196010_01_003\011651196010_01_003\011651196010_01\011651196010_01_P001_PAN\19JAN03101318-P2AS-011651196010_01_P001.TIF,C:\Users\ono008\master\multispectral-super-resolution\data\toulon-laspezia\GE01_La_Spezia_2019_01_03_011651196010_0\011651196010_01_003\011651196010_01_003\011651196010_01\011651196010_01_P001_MUL\19JAN03101318-M2AS-011651196010_01_P001.TIF,32632,"POLYGON ((564561.7380705954 4884684.217044132, 570778.3513841812 4884684.21704413, 570778.3513841809 4880901.099385784, 565218.5161489153 4880904.895790861, 564561.7380705952 4880959.943664466, 564561.7380705954 4884684.217044132))",23487056.0,0.0,0.0,23535126.0,0.9979575210262311,test
GE01_Toulon 2009_03_23_011651190010_0,11,Toulon,GE01,2030010563738900,2030010563738500,64924879,64924880,011651190,2009-03-23 10:42:16.141612+00:00,2019-12-18 21:33:04+00:00,2019-12-19 13:26:15+00:00,16,GeoTiff,0.4933620095252991,0.4933620095252991,1.973448038101196,1.973448038101196,True,2A,NN,WGS84,UTM,31,Meter,25.65104,157.84708,46.099663,4,Blue,Green,Red,NIR,,,,,C:\Users\ono008\master\multispectral-super-resolution\data\toulon-laspezia\GE01_Toulon 2009_03_23_011651190010_0\011651190010_01_003\011651190010_01_003\011651190010_01\011651190010_01_P001_PAN\09MAR23104216-P2AS-011651190010_01_P001.TIF,C:\Users\ono008\master\multispectral-super-resolution\data\toulon-laspezia\GE01_Toulon 2009_03_23_011651190010_0\011651190010_01_003\011651190010_01_003\011651190010_01\011651190010_01_P001_MUL\09MAR23104216-M2AS-011651190010_01_P001.TIF,32631,"POLYGON ((734209.7488122939 4778873.893903916, 738918.3958676828 4778873.893903988, 738918.3958667088 4775959.111152335, 734209.7488114468 4775959.111152262, 734209.7488122939 4778873.893903916))",13724683.0,0.0,0.0,13733672.0,0.9993454773057053,val
GE01_Toulon 2010_06_08_011651191010_0,12,Toulon,GE01,2030010563733400,2030010563733000,64924794,64924795,011651191,2010-06-08 10:44:18.463641+00:00,2019-12-18 21:30:05+00:00,2019-12-19 13:21:43+00:00,16,GeoTiff,0.4849638640880585,0.4849638640880585,1.939855456352234,1.939855456352234,True,2A,NN,WGS84,UTM,31,Meter,24.095835,148.13359,67.312584,4,Blue,Green,Red,NIR,,,,,C:\Users\ono008\master\multispectral-super-resolution\data\toulon-laspezia\GE01_Toulon 2010_06_08_011651191010_0\011651191010_01_003\011651191010_01_003\011651191010_01\011651191010_01_P001_PAN\10JUN08104418-P2AS-011651191010_01_P001.TIF,C:\Users\ono008\master\multispectral-super-resolution\data\toulon-laspezia\GE01_Toulon 2010_06_08_011651191010_0\011651191010_01_003\011651191010_01_003\011651191010_01\011651191010_01_P001_MUL\10JUN08104418-M2AS-011651191010_01_P001.TIF,32631,"POLYGON ((734208.374978821 4778872.471142523, 738918.3440633332 4778872.471142594, 738918.3440623597 4775958.808247775, 734208.3749779741 4775958.808247702, 734208.374978821 4778872.471142523))",13723262.0,0.0,0.0,13733672.0,0.9992420089834678,test
GE01_Toulon 2013_08_20_011651198010_0,13,Toulon,GE01,2030010563465E00,2030010563465800,64916679,64916681,011651198,2013-08-20 10:31:47.753515+00:00,2019-12-18 17:59:08+00:00,2019-12-18 19:05:47+00:00,16,GeoTiff,0.4697452783584595,0.4697452783584595,1.878981113433838,1.878981113433838,True,2A,NN,WGS84,UTM,31,Meter,20.39504,149.28033,56.04947,4,Blue,Green,Red,NIR,,,,,C:\Users\ono008\master\multispectral-super-resolution\data\toulon-laspezia\GE01_Toulon 2013_08_20_011651198010_0\011651198010_01_003\011651198010_01_003\011651198010_01\011651198010_01_P001_PAN\13AUG20103147-P2AS-011651198010_01_P001.TIF,C:\Users\ono008\master\multispectral-super-resolution\data\toulon-laspezia\GE01_Toulon 2013_08_20_011651198010_0\011651198010_01_003\011651198010_01_003\011651198010_01\011651198010_01_P001_MUL\13AUG20103147-M2AS-011651198010_01_P001.TIF,32631,"POLYGON ((734208.3472286415 4778872.558110869, 738918.9529165144 4778872.558110941, 738918.9529155405 4775958.258404626, 734208.3472277946 4775958.258404555, 734208.3472286415 4778872.558110869))",13728117.0,301970.5,0.021996498,13733672.0,0.999595519683301,val
GE01_Toulon 2014_10_16_011651185010_0,14,Toulon,GE01,203001056372E200,203001056372DA00,64924722,64924723,011651185,2014-10-16 10:28:18.197488+00:00,2019-12-18 21:28:03+00:00,2019-12-18 21:29:13+00:00,16,GeoTiff,0.4517624080181122,0.4517624080181122,1.807049632072449,1.807049632072449,True,2A,NN,WGS84,UTM,31,Meter,18.777977,163.38763,36.723057,4,Blue,Green,Red,NIR,,,,,C:\Users\ono008\master\multispectral-super-resolution\data\toulon-laspezia\GE01_Toulon 2014_10_16_011651185010_0\011651185010_01_003\011651185010_01_003\011651185010_01\011651185010_01_P001_PAN\14OCT16102818-P2AS-011651185010_01_P001.TIF,C:\Users\ono008\master\multispectral-super-resolution\data\toulon-laspezia\GE01_Toulon 2014_10_16_011651185010_0\011651185010_01_003\011651185010_01_003\011651185010_01\011651185010_01_P001_MUL\14OCT16102818-M2AS-011651185010_01_P001.TIF,32631,"POLYGON ((734208.1057354594 4778872.633499493, 738919.0841627691 4778872.633499566, 738919.0841617959 4775959.669493287, 734208.1057346127 4775959.669493214, 734208.1057354594 4778872.633499493))",13722911.0,0.0,0.0,13733672.0,0.9992164513612966,test
GE01_Toulon 2016_03_26_011651193010_0,15,Toulon,GE01,2030010563482700,2030010563482300,64917002,64917003,011651193,2016-03-26 10:47:43.844554+00:00,2019-12-18 18:08:49+00:00,2019-12-18 18:09:43+00:00,16,GeoTiff,0.4461025297641754,0.4461025297641754,1.784410119056702,1.784410119056702,True,2A,NN,WGS84,UTM,31,Meter,17.430063,159.5953,47.776768,4,Blue,Green,Red,NIR,,,,,C:\Users\ono008\master\multispectral-super-resolution\data\toulon-laspezia\GE01_Toulon 2016_03_26_011651193010_0\011651193010_01_003\011651193010_01_003\011651193010_01\011651193010_01_P001_PAN\16MAR26104743-P2AS-011651193010_01_P001.TIF,C:\Users\ono008\master\multispectral-super-resolution\data\toulon-laspezia\GE01_Toulon 2016_03_26_011651193010_0\011651193010_01_003\011651193010_01_003\011651193010_01\011651193010_01_P001_MUL\16MAR26104744-M2AS-011651193010_01_P001.TIF,32631,"POLYGON ((734208.2576519349 4778873.126839062, 736806.3588048693 4778873.126839099, 736902.7169511325 4775959.185115299, 734208.2576510879 4775959.185115263, 734208.2576519349 4778873.126839062))",7711106.5,877760.8,0.11383072,13733672.0,0.5614744913086609,test
GE01_Toulon 2016_09_21_011651200010_0,16,Toulon,GE01,203001056372F600,203001056372F300,64924734,64924735,011651200,2016-09-21 10:23:00.673210+00:00,2019-12-18 21:28:26+00:00,2019-12-18 21:29:43+00:00,16,GeoTiff,0.499465137720108,0.499465137720108,1.997860550880432,1.997860550880432,True,2A,NN,WGS84,UTM,31,Meter,25.827131,156.20438,45.00956,4,Blue,Green,Red,NIR,,,,,C:\Users\ono008\master\multispectral-super-resolution\data\toulon-laspezia\GE01_Toulon 2016_09_21_011651200010_0\011651200010_01_003\011651200010_01_003\011651200010_01\011651200010_01_P001_PAN\16SEP21102300-P2AS-011651200010_01_P001.TIF,C:\Users\ono008\master\multispectral-super-resolution\data\toulon-laspezia\GE01_Toulon 2016_09_21_011651200010_0\011651200010_01_003\011651200010_01_003\011651200010_01\011651200010_01_P001_MUL\16SEP21102300-M2AS-011651200010_01_P001.TIF,32631,"POLYGON ((734208.0088434301 4778874.196322817, 738918.9640589028 4778874.196322891, 738918.9640579289 4775959.317779776, 734208.0088425828 4775959.317779705, 734208.0088434301 4778874.196322817))",13731862.0,0.0,0.0,13733672.0,0.9998682071335329,test
GE01_Toulon 2017_09_05_011651201010_0,17,Toulon,GE01,2030010563733200,2030010563732D00,64924791,64924792,011651201,2017-09-05 10:45:41.112507+00:00,2019-12-18 21:30:06+00:00,2019-12-18 21:31:02+00:00,16,GeoTiff,0.450474888086319,0.450474888086319,1.801899552345276,1.801899552345276,True,2A,NN,WGS84,UTM,31,Meter,17.922009,159.77605,52.135963,4,Blue,Green,Red,NIR,,,,,C:\Users\ono008\master\multispectral-super-resolution\data\toulon-laspezia\GE01_Toulon 2017_09_05_011651201010_0\011651201010_01_003\011651201010_01_003\011651201010_01\011651201010_01_P001_PAN\17SEP05104541-P2AS-011651201010_01_P001.TIF,C:\Users\ono008\master\multispectral-super-resolution\data\toulon-laspezia\GE01_Toulon 2017_09_05_011651201010_0\011651201010_01_003\011651201010_01_003\011651201010_01\011651201010_01_P001_MUL\17SEP05104541-M2AS-011651201010_01_P001.TIF,32631,"POLYGON ((734209.4246782248 4778873.436215184, 738919.5901445468 4778873.436215256, 738919.5901435734 4775959.764639736, 734209.4246773779 4775959.764639663, 734209.4246782248 4778873.436215184))",13723875.0,0.0,0.0,13733672.0,0.9992866438050945,test
GE01_Toulon 2018_02_13_011651199010_0,18,Toulon,GE01,203001056371EB00,203001056371E400,64924517,64924518,011651199,2018-02-13 10:46:04.416071+00:00,2019-12-18 21:23:30+00:00,2019-12-18 21:24:19+00:00,16,GeoTiff,0.4564336240291595,0.4564336240291595,1.825734496116638,1.825734496116638,True,2A,NN,WGS84,UTM,31,Meter,19.422709,161.44241,31.87487,4,Blue,Green,Red,NIR,,,,,C:\Users\ono008\master\multispectral-super-resolution\data\toulon-laspezia\GE01_Toulon 2018_02_13_011651199010_0\011651199010_01_003\011651199010_01_003\011651199010_01\011651199010_01_P001_PAN\18FEB13104604-P2AS-011651199010_01_P001.TIF,C:\Users\ono008\master\multispectral-super-resolution\data\toulon-laspezia\GE01_Toulon 2018_02_13_011651199010_0\011651199010_01_003\011651199010_01_003\011651199010_01\011651199010_01_P001_MUL\18FEB13104604-M2AS-011651199010_01_P001.TIF,32631,"POLYGON ((734208.4016670989 4778872.595301558, 738918.7967035722 4778872.595301632, 738918.7967025985 4775958.723046449, 734208.4016662518 4775958.723046378, 734208.4016670989 4778872.595301558))",13725489.0,0.0,0.0,13733672.0,0.9994041651788392,val
GE01_Toulon 2019_10_07_011651194010_0,19,Toulon,GE01,2030010563158400,2030010563158200,64907880,64907881,011651194,2019-10-07 10:25:37.657122+00:00,2019-12-18 12:44:09+00:00,2019-12-18 12:45:23+00:00,16,GeoTiff,0.4493393003940582,0.4493393003940582,1.797357201576233,1.797357201576233,True,2A,NN,WGS84,UTM,31,Meter,18.674768,160.83928,39.813114,4,Blue,Green,Red,NIR,,,,,C:\Users\ono008\master\multispectral-super-resolution\data\toulon-laspezia\GE01_Toulon 2019_10_07_011651194010_0\011651194010_01_003\011651194010_01_003\011651194010_01\011651194010_01_P001_PAN\19OCT07102537-P2AS-011651194010_01_P001.TIF,C:\Users\ono008\master\multispectral-super-resolution\data\toulon-laspezia\GE01_Toulon 2019_10_07_011651194010_0\011651194010_01_003\011651194010_01_003\011651194010_01\011651194010_01_P001_MUL\19OCT07102537-M2AS-011651194010_01_P001.TIF,32631,"POLYGON ((734208.0602570859 4778874.212817689, 738918.9335189132 4778874.212817762, 738918.9335179389 4775958.899437424, 734208.0602562384 4775958.899437352, 734208.0602570859 4778874.212817689))",13733672.0,0.0,0.0,13733672.0,1.0,val
WV02_La_Spezia_2010_08_06_011650744010_0,20,La_Spezia,WV02,20300105635BC200,20300105635BC400,64920520,64920522,011650744,2010-08-06 10:21:56.187460+00:00,2019-12-18 19:38:04+00:00,2019-12-18 19:39:05+00:00,16,GeoTiff,0.5,0.5,2.0,2.0,True,2A,NN,WGS84,UTM,32,Meter,17.22525,148.31403,59.532146,8,Coastal,Blue,Green,Yellow,Red,RedEdge,NIR,NIR2,C:\Users\ono008\master\multispectral-super-resolution\data\toulon-laspezia\WV02_La_Spezia_2010_08_06_011650744010_0\011650744010_01_003\011650744010_01_003\011650744010_01\011650744010_01_P001_PAN\10AUG06102156-P2AS-011650744010_01_P001.TIF,C:\Users\ono008\master\multispectral-super-resolution\data\toulon-laspezia\WV02_La_Spezia_2010_08_06_011650744010_0\011650744010_01_003\011650744010_01_003\011650744010_01\011650744010_01_P001_MUL\10AUG06102156-M2AS-011650744010_01_P001.TIF,32632,"POLYGON ((564562.2500000329 4884683.749769065, 570778.2500000629 4884683.749769063, 570778.2500000626 4880899.749769924, 564562.2500000326 4880899.749769926, 564562.2500000329 4884683.749769065))",23521344.0,0.0,0.0,23535126.0,0.999414407214136,test
WV02_La_Spezia_2011_05_02_011650586010_0,21,La_Spezia,WV02,2030010563517600,2030010563517A00,64918728,64918729,011650586,2011-05-02 10:34:35.974780+00:00,2019-12-18 19:01:11+00:00,2019-12-18 19:02:04+00:00,16,GeoTiff,0.4730212390422821,0.4730212390422821,1.892084956169128,1.892084956169128,True,2A,NN,WGS84,UTM,32,Meter,8.440873,158.946,60.017212,8,Coastal,Blue,Green,Yellow,Red,RedEdge,NIR,NIR2,C:\Users\ono008\master\multispectral-super-resolution\data\toulon-laspezia\WV02_La_Spezia_2011_05_02_011650586010_0\011650586010_01_003\011650586010_01_003\011650586010_01\011650586010_01_P001_PAN\11MAY02103435-P2AS-011650586010_01_P001.TIF,C:\Users\ono008\master\multispectral-super-resolution\data\toulon-laspezia\WV02_La_Spezia_2011_05_02_011650586010_0\011650586010_01_003\011650586010_01_003\011650586010_01\011650586010_01_P001_MUL\11MAY02103435-M2AS-011650586010_01_P001.TIF,32632,"POLYGON ((569006.9453794141 4884683.861587867, 570777.9368983988 4884683.861587867, 570777.9368983984 4880899.691676392, 569054.2475033184 4880899.691676393, 569006.9453794141 4884683.861587867))",6612233.0,2617239.5,0.3958178,23535126.0,0.2809516719817009,train
WV02_La_Spezia_2011_05_10_011650587010_0,22,La_Spezia,WV02,203001056350B200,203001056350B400,64918572,64918573,011650587,2011-05-10 10:41:18.468932+00:00,2019-12-18 18:55:17+00:00,2019-12-18 18:55:55+00:00,16,GeoTiff,0.5,0.5,2.0,2.0,True,2A,NN,WGS84,UTM,32,Meter,25.989132,161.29073,62.63743,8,Coastal,Blue,Green,Yellow,Red,RedEdge,NIR,NIR2,C:\Users\ono008\master\multispectral-super-resolution\data\toulon-laspezia\WV02_La_Spezia_2011_05_10_011650587010_0\011650587010_01_003\011650587010_01_003\011650587010_01\011650587010_01_P001_PAN\11MAY10104118-P2AS-011650587010_01_P001.TIF,C:\Users\ono008\master\multispectral-super-resolution\data\toulon-laspezia\WV02_La_Spezia_2011_05_10_011650587010_0\011650587010_01_003\011650587010_01_003\011650587010_01\011650587010_01_P001_MUL\11MAY10104118-M2AS-011650587010_01_P001.TIF,32632,"POLYGON ((569386.2500000547 4884683.749769065, 570778.2500000629 4884683.749769063, 570778.2500000626 4880899.749769924, 569406.2500000545 4880899.749769925, 569386.2500000547 4884683.749769065))",5229488.0,0.0,0.0,23535126.0,0.22219927779439125,train
WV02_La_Spezia_2011_10_28_011650745010_0,23,La_Spezia,WV02,2030010563350A00,2030010563350D00,64913587,64913588,011650745,2011-10-28 11:15:45.928566+00:00,2019-12-18 16:00:44+00:00,2019-12-18 16:01:50+00:00,16,GeoTiff,0.5,0.5,2.0,2.0,True,2A,NN,WGS84,UTM,32,Meter,38.97239,183.29227,32.957905,8,Coastal,Blue,Green,Yellow,Red,RedEdge,NIR,NIR2,C:\Users\ono008\master\multispectral-super-resolution\data\toulon-laspezia\WV02_La_Spezia_2011_10_28_011650745010_0\011650745010_01_003\011650745010_01_003\011650745010_01\011650745010_01_P001_PAN\11OCT28111545-P2AS-011650745010_01_P001.TIF,C:\Users\ono008\master\multispectral-super-resolution\data\toulon-laspezia\WV02_La_Spezia_2011_10_28_011650745010_0\011650745010_01_003\011650745010_01_003\011650745010_01\011650745010_01_P001_MUL\11OCT28111545-M2AS-011650745010_01_P001.TIF,32632,"POLYGON ((564562.2500000329 4884683.749769065, 570778.2500000629 4884683.749769063, 570778.2500000626 4880899.749769924, 564562.2500000326 4880899.749769926, 564562.2500000329 4884683.749769065))",23521344.0,0.0,0.0,23535126.0,0.999414407214136,train
WV02_La_Spezia_2012_01_10_011650582010_0,24,La_Spezia,WV02,2030010563525500,2030010563525B00,64918882,64918883,011650582,2012-01-10 10:55:40.321329+00:00,2019-12-18 19:05:31+00:00,2019-12-18 19:06:14+00:00,16,GeoTiff,0.5,0.5,2.0,2.0,True,2A,NN,WGS84,UTM,32,Meter,17.179634,171.84505,23.677675,8,Coastal,Blue,Green,Yellow,Red,RedEdge,NIR,NIR2,C:\Users\ono008\master\multispectral-super-resolution\data\toulon-laspezia\WV02_La_Spezia_2012_01_10_011650582010_0\011650582010_01_003\011650582010_01_003\011650582010_01\011650582010_01_P001_PAN\12JAN10105540-P2AS-011650582010_01_P001.TIF,C:\Users\ono008\master\multispectral-super-resolution\data\toulon-laspezia\WV02_La_Spezia_2012_01_10_011650582010_0\011650582010_01_003\011650582010_01_003\011650582010_01\011650582010_01_P001_MUL\12JAN10105540-M2AS-011650582010_01_P001.TIF,32632,"POLYGON ((564562.2500000329 4884683.749769065, 570778.2500000629 4884683.749769063, 570778.2500000626 4880899.749769924, 564562.2500000326 4880899.749769926, 564562.2500000329 4884683.749769065))",23521344.0,2778020.0,0.11810634,23535126.0,0.999414407214136,train
WV02_La_Spezia_2012_05_17_011650585010_0,25,La_Spezia,WV02,2030010563306700,2030010563306900,64912750,64912751,011650585,2012-05-17 10:43:08.869809+00:00,2019-12-18 15:42:33+00:00,2019-12-18 15:43:24+00:00,16,GeoTiff,0.4708921611309052,0.4708921611309052,1.883568644523621,1.883568644523621,True,2A,NN,WGS84,UTM,32,Meter,7.3710337,161.14821,64.564964,8,Coastal,Blue,Green,Yellow,Red,RedEdge,NIR,NIR2,C:\Users\ono008\master\multispectral-super-resolution\data\toulon-laspezia\WV02_La_Spezia_2012_05_17_011650585010_0\011650585010_01_003\011650585010_01_003\011650585010_01\011650585010_01_P001_PAN\12MAY17104308-P2AS-011650585010_01_P001.TIF,C:\Users\ono008\master\multispectral-super-resolution\data\toulon-laspezia\WV02_La_Spezia_2012_05_17_011650585010_0\011650585010_01_003\011650585010_01_003\011650585010_01\011650585010_01_P001_MUL\12MAY17104308-M2AS-011650585010_01_P001.TIF,32632,"POLYGON ((564562.2652691782 4884684.700127114, 570778.0417961364 4884684.700127111, 570778.0417961362 4880900.610721128, 564562.2652691781 4880900.610721128, 564562.2652691782 4884684.700127114))",23521054.0,0.0,0.0,23535126.0,0.9994020852065971,train
WV02_La_Spezia_2013_10_31_011650588010_0,26,La_Spezia,WV02,203001056351E500,203001056351E700,64918799,64918800,011650588,2013-10-31 10:40:04.697446+00:00,2019-12-18 19:03:17+00:00,2019-12-18 19:04:16+00:00,16,GeoTiff,0.475864440202713,0.475864440202713,1.903457760810852,1.903457760810852,True,2A,NN,WGS84,UTM,32,Meter,9.163697,173.12843,31.607397,8,Coastal,Blue,Green,Yellow,Red,RedEdge,NIR,NIR2,C:\Users\ono008\master\multispectral-super-resolution\data\toulon-laspezia\WV02_La_Spezia_2013_10_31_011650588010_0\011650588010_01_003\011650588010_01_003\011650588010_01\011650588010_01_P001_PAN\13OCT31104004-P2AS-011650588010_01_P001.TIF,C:\Users\ono008\master\multispectral-super-resolution\data\toulon-laspezia\WV02_La_Spezia_2013_10_31_011650588010_0\011650588010_01_003\011650588010_01_003\011650588010_01\011650588010_01_P001_MUL\13OCT31104004-M2AS-011650588010_01_P001.TIF,32632,"POLYGON ((564807.5489243754 4884685.426411585, 570778.6959200683 4884685.426411584, 570778.6959200681 4880899.448926195, 564853.2319106349 4880899.448926196, 564807.5489243754 4884685.426411585))",22520150.0,19591396.0,0.86994964,23535126.0,0.956873993366341,train
WV02_La_Spezia_2013_12_08_011650589010_0,27,La_Spezia,WV02,2030010563517300,2030010563517800,64918731,64918732,011650589,2013-12-08 10:41:49.521940+00:00,2019-12-18 19:01:08+00:00,2019-12-18 19:02:04+00:00,16,GeoTiff,0.5,0.5,2.0,2.0,True,2A,NN,WGS84,UTM,32,Meter,18.345367,172.30554,22.9732,8,Coastal,Blue,Green,Yellow,Red,RedEdge,NIR,NIR2,C:\Users\ono008\master\multispectral-super-resolution\data\toulon-laspezia\WV02_La_Spezia_2013_12_08_011650589010_0\011650589010_01_003\011650589010_01_003\011650589010_01\011650589010_01_P001_PAN\13DEC08104149-P2AS-011650589010_01_P001.TIF,C:\Users\ono008\master\multispectral-super-resolution\data\toulon-laspezia\WV02_La_Spezia_2013_12_08_011650589010_0\011650589010_01_003\011650589010_01_003\011650589010_01\011650589010_01_P001_MUL\13DEC08104149-M2AS-011650589010_01_P001.TIF,32632,"POLYGON ((564562.2500000329 4884683.749769065, 570778.2500000629 4884683.749769063, 570778.2500000626 4880899.749769924, 564562.2500000326 4880899.749769926, 564562.2500000329 4884683.749769065))",23521344.0,0.0,0.0,23535126.0,0.999414407214136,train
WV02_La_Spezia_2014_11_20_011650595010_0,28,La_Spezia,WV02,2030010563525300,2030010563525A00,64918880,64918881,011650595,2014-11-20 10:45:48.034921+00:00,2019-12-18 19:05:32+00:00,2019-12-18 19:06:13+00:00,16,GeoTiff,0.5,0.5,2.0,2.0,True,2A,NN,WGS84,UTM,32,Meter,20.606503,174.64726,26.206938,8,Coastal,Blue,Green,Yellow,Red,RedEdge,NIR,NIR2,C:\Users\ono008\master\multispectral-super-resolution\data\toulon-laspezia\WV02_La_Spezia_2014_11_20_011650595010_0\011650595010_01_003\011650595010_01_003\011650595010_01\011650595010_01_P001_PAN\14NOV20104547-P2AS-011650595010_01_P001.TIF,C:\Users\ono008\master\multispectral-super-resolution\data\toulon-laspezia\WV02_La_Spezia_2014_11_20_011650595010_0\011650595010_01_003\011650595010_01_003\011650595010_01\011650595010_01_P001_MUL\14NOV20104548-M2AS-011650595010_01_P001.TIF,32632,"POLYGON ((564562.2500000329 4884683.749769065, 570778.2500000629 4884683.749769063, 570778.2500000626 4880899.749769924, 564562.2500000326 4880899.749769926, 564562.2500000329 4884683.749769065))",23521344.0,0.0,0.0,23535126.0,0.999414407214136,train
WV02_La_Spezia_2015_01_05_011650746010_0,29,La_Spezia,WV02,2030010563598800,2030010563598A00,64920135,64920137,011650746,2015-01-05 10:46:56.440104+00:00,2019-12-18 19:33:39+00:00,2019-12-18 19:34:29+00:00,16,GeoTiff,0.5,0.5,2.0,2.0,True,2A,NN,WGS84,UTM,32,Meter,27.229053,170.24925,22.881962,8,Coastal,Blue,Green,Yellow,Red,RedEdge,NIR,NIR2,C:\Users\ono008\master\multispectral-super-resolution\data\toulon-laspezia\WV02_La_Spezia_2015_01_05_011650746010_0\011650746010_01_003\011650746010_01_003\011650746010_01\011650746010_01_P001_PAN\15JAN05104656-P2AS-011650746010_01_P001.TIF,C:\Users\ono008\master\multispectral-super-resolution\data\toulon-laspezia\WV02_La_Spezia_2015_01_05_011650746010_0\011650746010_01_003\011650746010_01_003\011650746010_01\011650746010_01_P001_MUL\15JAN05104656-M2AS-011650746010_01_P001.TIF,32632,"POLYGON ((564562.2500000329 4884683.749769065, 570778.2500000629 4884683.749769063, 570778.2500000626 4880899.749769924, 564562.2500000326 4880899.749769926, 564562.2500000329 4884683.749769065))",23521344.0,0.0,0.0,23535126.0,0.999414407214136,val
WV02_La_Spezia_2015_03_19_011650598010_0,30,La_Spezia,WV02,203001056350CE00,203001056350D000,64918598,64918599,011650598,2015-03-19 10:50:06.911027+00:00,2019-12-18 18:55:37+00:00,2019-12-18 18:56:31+00:00,16,GeoTiff,0.5,0.5,2.0,2.0,True,2A,NN,WGS84,UTM,32,Meter,29.120323,166.4431,44.689377,8,Coastal,Blue,Green,Yellow,Red,RedEdge,NIR,NIR2,C:\Users\ono008\master\multispectral-super-resolution\data\toulon-laspezia\WV02_La_Spezia_2015_03_19_011650598010_0\011650598010_01_003\011650598010_01_003\011650598010_01\011650598010_01_P001_PAN\15MAR19105006-P2AS-011650598010_01_P001.TIF,C:\Users\ono008\master\multispectral-super-resolution\data\toulon-laspezia\WV02_La_Spezia_2015_03_19_011650598010_0\011650598010_01_003\011650598010_01_003\011650598010_01\011650598010_01_P001_MUL\15MAR19105006-M2AS-011650598010_01_P001.TIF,32632,"POLYGON ((564562.2500000329 4884683.749769065, 570778.2500000629 4884683.749769063, 570778.2500000626 4880899.749769924, 564562.2500000326 4880899.749769926, 564562.2500000329 4884683.749769065))",23521344.0,0.0,0.0,23535126.0,0.999414407214136,val
WV02_La_Spezia_2015_03_19_011650600010_0,31,La_Spezia,WV02,203001056350EC00,203001056350EE00,64918625,64918626,011650600,2015-03-19 10:50:06.911027+00:00,2019-12-18 18:56:50+00:00,2019-12-18 18:58:11+00:00,16,GeoTiff,0.5,0.5,2.0,2.0,True,2A,NN,WGS84,UTM,32,Meter,29.120323,166.4431,44.689377,8,Coastal,Blue,Green,Yellow,Red,RedEdge,NIR,NIR2,C:\Users\ono008\master\multispectral-super-resolution\data\toulon-laspezia\WV02_La_Spezia_2015_03_19_011650600010_0\011650600010_01_003\011650600010_01_003\011650600010_01\011650600010_01_P001_PAN\15MAR19105006-P2AS-011650600010_01_P001.TIF,C:\Users\ono008\master\multispectral-super-resolution\data\toulon-laspezia\WV02_La_Spezia_2015_03_19_011650600010_0\011650600010_01_003\011650600010_01_003\011650600010_01\011650600010_01_P001_MUL\15MAR19105006-M2AS-011650600010_01_P001.TIF,32632,"POLYGON ((564562.2500000329 4884683.749769065, 570778.2500000629 4884683.749769063, 570778.2500000626 4880899.749769924, 564562.2500000326 4880899.749769926, 564562.2500000329 4884683.749769065))",23521344.0,0.0,0.0,23535126.0,0.999414407214136,test
WV02_La_Spezia_2015_04_24_011650748010_0,32,La_Spezia,WV02,203001056359B800,203001056359BB00,64920188,64920189,011650748,2015-04-24 10:20:27.007753+00:00,2019-12-18 19:33:59+00:00,2019-12-18 19:35:05+00:00,16,GeoTiff,0.4874135553836823,0.4874135553836823,1.949654221534729,1.949654221534729,True,2A,NN,WGS84,UTM,32,Meter,13.70979,153.57349,56.49344,8,Coastal,Blue,Green,Yellow,Red,RedEdge,NIR,NIR2,C:\Users\ono008\master\multispectral-super-resolution\data\toulon-laspezia\WV02_La_Spezia_2015_04_24_011650748010_0\011650748010_01_003\011650748010_01_003\011650748010_01\011650748010_01_P001_PAN\15APR24102026-P2AS-011650748010_01_P001.TIF,C:\Users\ono008\master\multispectral-super-resolution\data\toulon-laspezia\WV02_La_Spezia_2015_04_24_011650748010_0\011650748010_01_003\011650748010_01_003\011650748010_01\011650748010_01_P001_MUL\15APR24102027-M2AS-011650748010_01_P001.TIF,32632,"POLYGON ((564561.6166366221 4884684.888891831, 570779.0639491265 4884684.888891831, 570779.0639491262 4880900.610048696, 564561.6166366219 4880900.610048698, 564561.6166366221 4884684.888891831))",23528554.0,5491705.0,0.23340598,23535126.0,0.9997207578153607,train
WV02_La_Spezia_2015_05_21_011650592010_0,33,La_Spezia,WV02,2030010563517D00,2030010563517F00,64918736,64918737,011650592,2015-05-21 10:23:10.593428+00:00,2019-12-18 19:01:16+00:00,2019-12-18 19:02:12+00:00,16,GeoTiff,0.5,0.5,2.0,2.0,True,2A,NN,WGS84,UTM,32,Meter,17.193773,150.32045,63.72573,8,Coastal,Blue,Green,Yellow,Red,RedEdge,NIR,NIR2,C:\Users\ono008\master\multispectral-super-resolution\data\toulon-laspezia\WV02_La_Spezia_2015_05_21_011650592010_0\011650592010_01_003\011650592010_01_003\011650592010_01\011650592010_01_P001_PAN\15MAY21102310-P2AS-011650592010_01_P001.TIF,C:\Users\ono008\master\multispectral-super-resolution\data\toulon-laspezia\WV02_La_Spezia_2015_05_21_011650592010_0\011650592010_01_003\011650592010_01_003\011650592010_01\011650592010_01_P001_MUL\15MAY21102310-M2AS-011650592010_01_P001.TIF,32632,"POLYGON ((564562.2500000329 4884683.749769065, 570778.2500000629 4884683.749769063, 570778.2500000626 4880899.749769924, 564562.2500000326 4880899.749769926, 564562.2500000329 4884683.749769065))",23521344.0,5501728.5,0.23390366,23535126.0,0.999414407214136,test
WV02_La_Spezia_2017_03_10_011650750010_0,34,La_Spezia,WV02,2030010563573100,2030010563573400,64919742,64919743,011650750,2017-03-10 10:14:18.936541+00:00,2019-12-18 19:28:07+00:00,2019-12-18 19:29:12+00:00,16,GeoTiff,0.5,0.5,2.0,2.0,True,2A,NN,WGS84,UTM,32,Meter,18.97514,155.05702,39.15043,8,Coastal,Blue,Green,Yellow,Red,RedEdge,NIR,NIR2,C:\Users\ono008\master\multispectral-super-resolution\data\toulon-laspezia\WV02_La_Spezia_2017_03_10_011650750010_0\011650750010_01_003\011650750010_01_003\011650750010_01\011650750010_01_P001_PAN\17MAR10101418-P2AS-011650750010_01_P001.TIF,C:\Users\ono008\master\multispectral-super-resolution\data\toulon-laspezia\WV02_La_Spezia_2017_03_10_011650750010_0\011650750010_01_003\011650750010_01_003\011650750010_01\011650750010_01_P001_MUL\17MAR10101418-M2AS-011650750010_01_P001.TIF,32632,"POLYGON ((564562.2500000329 4884683.749769065, 570778.2500000629 4884683.749769063, 570778.2500000626 4880899.749769924, 564562.2500000326 4880899.749769926, 564562.2500000329 4884683.749769065))",23521344.0,0.0,0.0,23535126.0,0.999414407214136,test
WV02_La_Spezia_2017_07_31_011650593010_0,35,La_Spezia,WV02,203001056351CF00,203001056351D100,64918791,64918792,011650593,2017-07-31 10:36:08.345224+00:00,2019-12-18 19:03:01+00:00,2019-12-18 19:03:54+00:00,16,GeoTiff,0.4788398444652557,0.4788398444652557,1.915359377861023,1.915359377861023,True,2A,NN,WGS84,UTM,32,Meter,9.730888,153.42125,62.118996,8,Coastal,Blue,Green,Yellow,Red,RedEdge,NIR,NIR2,C:\Users\ono008\master\multispectral-super-resolution\data\toulon-laspezia\WV02_La_Spezia_2017_07_31_011650593010_0\011650593010_01_003\011650593010_01_003\011650593010_01\011650593010_01_P001_PAN\17JUL31103608-P2AS-011650593010_01_P001.TIF,C:\Users\ono008\master\multispectral-super-resolution\data\toulon-laspezia\WV02_La_Spezia_2017_07_31_011650593010_0\011650593010_01_003\011650593010_01_003\011650593010_01\011650593010_01_P001_MUL\17JUL31103608-M2AS-011650593010_01_P001.TIF,32632,"POLYGON ((564561.9928413806 4884685.236286148, 570777.3340225698 4884685.236286147, 570777.3340225696 4880900.486156357, 564561.9928413805 4880900.486156357, 564561.9928413806 4884685.236286148))",23523514.0,0.0,0.0,23535126.0,0.9995066098222716,test
WV02_La_Spezia_2018_05_18_011650597010_0,36,La_Spezia,WV02,2030010563526100,2030010563526300,64918887,64918888,011650597,2018-05-18 10:35:44.427670+00:00,2019-12-18 19:05:47+00:00,2019-12-18 19:06:27+00:00,16,GeoTiff,0.4831550121307373,0.4831550121307373,1.932620048522949,1.932620048522949,True,2A,NN,WGS84,UTM,32,Meter,11.722868,157.14552,64.19505,8,Coastal,Blue,Green,Yellow,Red,RedEdge,NIR,NIR2,C:\Users\ono008\master\multispectral-super-resolution\data\toulon-laspezia\WV02_La_Spezia_2018_05_18_011650597010_0\011650597010_01_003\011650597010_01_003\011650597010_01\011650597010_01_P001_PAN\18MAY18103544-P2AS-011650597010_01_P001.TIF,C:\Users\ono008\master\multispectral-super-resolution\data\toulon-laspezia\WV02_La_Spezia_2018_05_18_011650597010_0\011650597010_01_003\011650597010_01_003\011650597010_01\011650597010_01_P001_MUL\18MAY18103544-M2AS-011650597010_01_P001.TIF,32632,"POLYGON ((564563.0080122084 4884685.33511302, 569740.4971222251 4884685.335113018, 569761.7559427589 4880899.332438827, 564563.0080122082 4880899.332438828, 564563.0080122084 4884685.33511302))",19642230.0,0.0,0.0,23535126.0,0.8345920901379495,val
WV02_La_Spezia_2018_05_29_011650583010_0,37,La_Spezia,WV02,203001056351E200,203001056351E400,64918801,64918802,011650583,2018-05-29 10:31:32.579803+00:00,2019-12-18 19:03:17+00:00,2019-12-18 19:04:14+00:00,16,GeoTiff,0.4909915328025818,0.4909915328025818,1.963966131210327,1.963966131210327,True,2A,NN,WGS84,UTM,32,Meter,14.216101,152.86859,65.74645,8,Coastal,Blue,Green,Yellow,Red,RedEdge,NIR,NIR2,C:\Users\ono008\master\multispectral-super-resolution\data\toulon-laspezia\WV02_La_Spezia_2018_05_29_011650583010_0\011650583010_01_003\011650583010_01_003\011650583010_01\011650583010_01_P001_PAN\18MAY29103132-P2AS-011650583010_01_P001.TIF,C:\Users\ono008\master\multispectral-super-resolution\data\toulon-laspezia\WV02_La_Spezia_2018_05_29_011650583010_0\011650583010_01_003\011650583010_01_003\011650583010_01\011650583010_01_P001_MUL\18MAY29103132-M2AS-011650583010_01_P001.TIF,32632,"POLYGON ((564561.9495735199 4884684.009411455, 570055.1628425408 4884684.009411455, 570088.5502667713 4880899.446677476, 564561.9495735196 4880899.446677477, 564561.9495735199 4884684.009411455))",20852588.0,0.0,0.0,23535126.0,0.8860198156576684,val
WV02_La_Spezia_2018_07_06_011650749010_0,38,La_Spezia,WV02,2030010563593500,2030010563593700,64920097,64920099,011650749,2018-07-06 10:34:42.078546+00:00,2019-12-18 19:32:57+00:00,2019-12-18 19:33:38+00:00,16,GeoTiff,0.5,0.5,2.0,2.0,True,2A,NN,WGS84,UTM,32,Meter,17.826307,149.71193,66.332924,8,Coastal,Blue,Green,Yellow,Red,RedEdge,NIR,NIR2,C:\Users\ono008\master\multispectral-super-resolution\data\toulon-laspezia\WV02_La_Spezia_2018_07_06_011650749010_0\011650749010_01_003\011650749010_01_003\011650749010_01\011650749010_01_P001_PAN\18JUL06103441-P2AS-011650749010_01_P001.TIF,C:\Users\ono008\master\multispectral-super-resolution\data\toulon-laspezia\WV02_La_Spezia_2018_07_06_011650749010_0\011650749010_01_003\011650749010_01_003\011650749010_01\011650749010_01_P001_MUL\18JUL06103442-M2AS-011650749010_01_P001.TIF,32632,"POLYGON ((564562.2500000329 4884683.749769065, 570778.2500000629 4884683.749769063, 570778.2500000626 4880899.749769924, 564562.2500000326 4880899.749769926, 564562.2500000329 4884683.749769065))",23521344.0,415144.53,0.017649693,23535126.0,0.999414407214136,train
WV02_La_Spezia_2019_05_23_011650590010_0,39,La_Spezia,WV02,20300105634FCE00,20300105634FD000,64918376,64918377,011650590,2019-05-23 10:30:38.722957+00:00,2019-12-18 18:46:06+00:00,2019-12-18 18:46:54+00:00,16,GeoTiff,0.5,0.5,2.0,2.0,True,2A,NN,WGS84,UTM,32,Meter,18.04227,153.65324,64.71798,8,Coastal,Blue,Green,Yellow,Red,RedEdge,NIR,NIR2,C:\Users\ono008\master\multispectral-super-resolution\data\toulon-laspezia\WV02_La_Spezia_2019_05_23_011650590010_0\011650590010_01_003\011650590010_01_003\011650590010_01\011650590010_01_P001_PAN\19MAY23103038-P2AS-011650590010_01_P001.TIF,C:\Users\ono008\master\multispectral-super-resolution\data\toulon-laspezia\WV02_La_Spezia_2019_05_23_011650590010_0\011650590010_01_003\011650590010_01_003\011650590010_01\011650590010_01_P001_MUL\19MAY23103038-M2AS-011650590010_01_P001.TIF,32632,"POLYGON ((564562.2500000329 4884683.749769065, 570778.2500000629 4884683.749769063, 570778.2500000626 4880899.749769924, 564562.2500000326 4880899.749769926, 564562.2500000329 4884683.749769065))",23521344.0,0.0,0.0,23535126.0,0.999414407214136,train
WV02_La_Spezia_2019_06_03_011650596010_0,40,La_Spezia,WV02,203001056350B800,203001056350BA00,64918579,64918580,011650596,2019-06-03 10:25:47.678602+00:00,2019-12-18 18:55:17+00:00,2019-12-18 18:56:24+00:00,16,GeoTiff,0.4958725869655609,0.4958725869655609,1.983490347862244,1.983490347862244,True,2A,NN,WGS84,UTM,32,Meter,15.323728,148.891,65.79131,8,Coastal,Blue,Green,Yellow,Red,RedEdge,NIR,NIR2,C:\Users\ono008\master\multispectral-super-resolution\data\toulon-laspezia\WV02_La_Spezia_2019_06_03_011650596010_0\011650596010_01_003\011650596010_01_003\011650596010_01\011650596010_01_P001_PAN\19JUN03102547-P2AS-011650596010_01_P001.TIF,C:\Users\ono008\master\multispectral-super-resolution\data\toulon-laspezia\WV02_La_Spezia_2019_06_03_011650596010_0\011650596010_01_003\011650596010_01_003\011650596010_01\011650596010_01_P001_MUL\19JUN03102547-M2AS-011650596010_01_P001.TIF,32632,"POLYGON ((564563.0891387045 4884683.91029303, 570777.364398587 4884683.910293029, 570777.3643985868 4880899.410710171, 564563.0891387044 4880899.410710174, 564563.0891387045 4884683.91029303))",23517922.0,0.0,0.0,23535126.0,0.9992690075251774,val
WV02_La_Spezia_2019_10_11_011650594010_0,41,La_Spezia,WV02,203001056301AE00,203001056301B100,64904435,64904436,011650594,2019-10-11 10:37:48.621914+00:00,2019-12-18 10:22:21+00:00,2019-12-18 10:23:11+00:00,16,GeoTiff,0.5,0.5,2.0,2.0,True,2A,NN,WGS84,UTM,32,Meter,30.26231,170.55527,38.66295,8,Coastal,Blue,Green,Yellow,Red,RedEdge,NIR,NIR2,C:\Users\ono008\master\multispectral-super-resolution\data\toulon-laspezia\WV02_La_Spezia_2019_10_11_011650594010_0\011650594010_01_003\011650594010_01_003\011650594010_01\011650594010_01_P001_PAN\19OCT11103748-P2AS-011650594010_01_P001.TIF,C:\Users\ono008\master\multispectral-super-resolution\data\toulon-laspezia\WV02_La_Spezia_2019_10_11_011650594010_0\011650594010_01_003\011650594010_01_003\011650594010_01\011650594010_01_P001_MUL\19OCT11103748-M2AS-011650594010_01_P001.TIF,32632,"POLYGON ((564562.2500000329 4884683.749769065, 569646.2500000563 4884683.749769062, 569674.2500000561 4880899.749769923, 564562.2500000326 4880899.749769926, 564562.2500000329 4884683.749769065))",19290832.0,0.0,0.0,23535126.0,0.819661301154708,train
WV02_Toulon_2010_11_04_011651051010_0,42,Toulon,WV02,20300105636D8800,20300105636D8A00,64923680,64923681,011651051,2010-11-04 10:53:11.759011+00:00,2019-12-18 20:55:57+00:00,2019-12-18 20:57:20+00:00,16,GeoTiff,0.5,0.5,2.0,2.0,True,2A,NN,WGS84,UTM,31,Meter,17.445522,172.45126,31.351372,8,Coastal,Blue,Green,Yellow,Red,RedEdge,NIR,NIR2,C:\Users\ono008\master\multispectral-super-resolution\data\toulon-laspezia\WV02_Toulon_2010_11_04_011651051010_0\011651051010_01_003\011651051010_01_003\011651051010_01\011651051010_01_P001_PAN\10NOV04105311-P2AS-011651051010_01_P001.TIF,C:\Users\ono008\master\multispectral-super-resolution\data\toulon-laspezia\WV02_Toulon_2010_11_04_011651051010_0\011651051010_01_003\011651051010_01_003\011651051010_01\011651051010_01_P001_MUL\10NOV04105311-M2AS-011651051010_01_P001.TIF,32631,"POLYGON ((734208.2502439567 4778873.749791597, 738918.2502804458 4778873.749791671, 738918.2502794721 4775959.749792291, 734208.2502431099 4775959.749792219, 734208.2502439567 4778873.749791597))",13724940.0,0.0,0.0,13733672.0,0.9993641904364688,val
WV02_Toulon_2011_05_04_011651058010_0,43,Toulon,WV02,203001056312A600,203001056312A800,64907387,64907388,011651058,2011-05-04 11:01:46.806361+00:00,2019-12-18 12:07:33+00:00,2019-12-18 12:08:33+00:00,16,GeoTiff,0.479667067527771,0.479667067527771,1.918668270111084,1.918668270111084,True,2A,NN,WGS84,UTM,31,Meter,10.981644,163.6541,62.19349,8,Coastal,Blue,Green,Yellow,Red,RedEdge,NIR,NIR2,C:\Users\ono008\master\multispectral-super-resolution\data\toulon-laspezia\WV02_Toulon_2011_05_04_011651058010_0\011651058010_01_003\011651058010_01_003\011651058010_01\011651058010_01_P001_PAN\11MAY04110146-P2AS-011651058010_01_P001.TIF,C:\Users\ono008\master\multispectral-super-resolution\data\toulon-laspezia\WV02_Toulon_2011_05_04_011651058010_0\011651058010_01_003\011651058010_01_003\011651058010_01\011651058010_01_P001_MUL\11MAY04110146-M2AS-011651058010_01_P001.TIF,32631,"POLYGON ((734209.3523278263 4778872.868362224, 738917.7642991559 4778872.868362296, 738917.7642981822 4775958.411260617, 734209.3523269793 4775958.411260545, 734209.3523278263 4778872.868362224))",13722465.0,0.0,0.0,13733672.0,0.9991839764339792,train
WV02_Toulon_2011_12_22_011651063010_0,44,Toulon,WV02,20300105636DC500,20300105636DC800,64923731,64923732,011651063,2011-12-22 10:55:02.006924+00:00,2019-12-18 21:04:01+00:00,2019-12-18 21:04:46+00:00,16,GeoTiff,0.4678681790828705,0.4678681790828705,1.871472716331482,1.871472716331482,True,2A,NN,WGS84,UTM,31,Meter,4.4375753,170.10414,23.015879,8,Coastal,Blue,Green,Yellow,Red,RedEdge,NIR,NIR2,C:\Users\ono008\master\multispectral-super-resolution\data\toulon-laspezia\WV02_Toulon_2011_12_22_011651063010_0\011651063010_01_003\011651063010_01_003\011651063010_01\011651063010_01_P001_PAN\11DEC22105501-P2AS-011651063010_01_P001.TIF,C:\Users\ono008\master\multispectral-super-resolution\data\toulon-laspezia\WV02_Toulon_2011_12_22_011651063010_0\011651063010_01_003\011651063010_01_003\011651063010_01\011651063010_01_P001_MUL\11DEC22105502-M2AS-011651063010_01_P001.TIF,32631,"POLYGON ((734208.9243583526 4778872.720027735, 738919.4212218527 4778872.720027809, 738919.4212208791 4775958.8370091, 734208.9243575056 4775958.837009028, 734208.9243583526 4778872.720027735))",13725837.0,0.0,0.0,13733672.0,0.9994295043597954,test
WV02_Toulon_2013_03_16_011651062010_0,45,Toulon,WV02,2030010563428C00,2030010563429000,64915989,64915990,011651062,2013-03-16 11:14:07.677887+00:00,2019-12-18 17:34:25+00:00,2019-12-18 17:35:30+00:00,16,GeoTiff,0.5,0.5,2.0,2.0,True,2A,NN,WGS84,UTM,31,Meter,21.097858,169.07855,44.96489,8,Coastal,Blue,Green,Yellow,Red,RedEdge,NIR,NIR2,C:\Users\ono008\master\multispectral-super-resolution\data\toulon-laspezia\WV02_Toulon_2013_03_16_011651062010_0\011651062010_01_003\011651062010_01_003\011651062010_01\011651062010_01_P001_PAN\13MAR16111407-P2AS-011651062010_01_P001.TIF,C:\Users\ono008\master\multispectral-super-resolution\data\toulon-laspezia\WV02_Toulon_2013_03_16_011651062010_0\011651062010_01_003\011651062010_01_003\011651062010_01\011651062010_01_P001_MUL\13MAR16111407-M2AS-011651062010_01_P001.TIF,32631,"POLYGON ((734208.2502439567 4778873.749791597, 738918.2502804458 4778873.749791671, 738918.2502794721 4775959.749792291, 734208.2502431099 4775959.749792219, 734208.2502439567 4778873.749791597))",13724940.0,0.0,0.0,13733672.0,0.9993641904364688,train
WV02_Toulon_2013_04_07_011651056010_0,46,Toulon,WV02,203001056312A000,203001056312A200,64907383,64907384,011651056,2013-04-07 11:04:09.492946+00:00,2019-12-18 12:06:35+00:00,2019-12-18 12:08:02+00:00,16,GeoTiff,0.4763846397399902,0.4763846397399902,1.905538558959961,1.905538558959961,True,2A,NN,WGS84,UTM,31,Meter,8.810269,165.67072,53.276627,8,Coastal,Blue,Green,Yellow,Red,RedEdge,NIR,NIR2,C:\Users\ono008\master\multispectral-super-resolution\data\toulon-laspezia\WV02_Toulon_2013_04_07_011651056010_0\011651056010_01_003\011651056010_01_003\011651056010_01\011651056010_01_P001_PAN\13APR07110409-P2AS-011651056010_01_P001.TIF,C:\Users\ono008\master\multispectral-super-resolution\data\toulon-laspezia\WV02_Toulon_2013_04_07_011651056010_0\011651056010_01_003\011651056010_01_003\011651056010_01\011651056010_01_P001_MUL\13APR07110409-M2AS-011651056010_01_P001.TIF,32631,"POLYGON ((734208.0562806658 4778873.236075138, 738918.5476349076 4778873.236075211, 738918.5476339343 4775959.667619182, 734208.0562798189 4775959.66761911, 734208.0562806658 4778873.236075138))",13724339.0,0.0,0.0,13733672.0,0.9993204293797027,train
WV02_Toulon_2013_04_10_011651050010_0,47,Toulon,WV02,20300105636D7B00,20300105636D7F00,64923667,64923668,011651050,2013-04-10 10:54:15.912680+00:00,2019-12-18 20:55:27+00:00,2019-12-18 20:56:18+00:00,16,GeoTiff,0.5,0.5,2.0,2.0,True,2A,NN,WGS84,UTM,31,Meter,19.632204,161.5735,53.898,8,Coastal,Blue,Green,Yellow,Red,RedEdge,NIR,NIR2,C:\Users\ono008\master\multispectral-super-resolution\data\toulon-laspezia\WV02_Toulon_2013_04_10_011651050010_0\011651050010_01_003\011651050010_01_003\011651050010_01\011651050010_01_P001_PAN\13APR10105415-P2AS-011651050010_01_P001.TIF,C:\Users\ono008\master\multispectral-super-resolution\data\toulon-laspezia\WV02_Toulon_2013_04_10_011651050010_0\011651050010_01_003\011651050010_01_003\011651050010_01\011651050010_01_P001_MUL\13APR10105415-M2AS-011651050010_01_P001.TIF,32631,"POLYGON ((734208.2502439567 4778873.749791597, 738918.2502804458 4778873.749791671, 738918.2502794721 4775959.749792291, 734208.2502431099 4775959.749792219, 734208.2502439567 4778873.749791597))",13724940.0,0.0,0.0,13733672.0,0.9993641904364688,val
WV02_Toulon_2013_10_09_011651061010_0,48,Toulon,WV02,20300105636DA100,20300105636DA300,64923696,64923697,011651061,2013-10-09 10:50:24.203698+00:00,2019-12-18 20:58:13+00:00,2019-12-18 20:59:33+00:00,16,GeoTiff,0.5,0.5,2.0,2.0,True,2A,NN,WGS84,UTM,31,Meter,26.190783,169.19731,40.09594,8,Coastal,Blue,Green,Yellow,Red,RedEdge,NIR,NIR2,C:\Users\ono008\master\multispectral-super-resolution\data\toulon-laspezia\WV02_Toulon_2013_10_09_011651061010_0\011651061010_01_003\011651061010_01_003\011651061010_01\011651061010_01_P001_PAN\13OCT09105024-P2AS-011651061010_01_P001.TIF,C:\Users\ono008\master\multispectral-super-resolution\data\toulon-laspezia\WV02_Toulon_2013_10_09_011651061010_0\011651061010_01_003\011651061010_01_003\011651061010_01\011651061010_01_P001_MUL\13OCT09105024-M2AS-011651061010_01_P001.TIF,32631,"POLYGON ((734208.2502439567 4778873.749791597, 738918.2502804458 4778873.749791671, 738918.2502794721 4775959.749792291, 734208.2502431099 4775959.749792219, 734208.2502439567 4778873.749791597))",13724940.0,0.0,0.0,13733672.0,0.9993641904364688,test
WV02_Toulon_2014_04_06_011651052010_0,49,Toulon,WV02,20300105636D8200,20300105636D8400,64923671,64923672,011651052,2014-04-06 10:57:37.006411+00:00,2019-12-18 20:55:52+00:00,2019-12-18 20:56:54+00:00,16,GeoTiff,0.5,0.5,2.0,2.0,True,2A,NN,WGS84,UTM,31,Meter,22.662071,163.04471,52.47641,8,Coastal,Blue,Green,Yellow,Red,RedEdge,NIR,NIR2,C:\Users\ono008\master\multispectral-super-resolution\data\toulon-laspezia\WV02_Toulon_2014_04_06_011651052010_0\011651052010_01_003\011651052010_01_003\011651052010_01\011651052010_01_P001_PAN\14APR06105737-P2AS-011651052010_01_P001.TIF,C:\Users\ono008\master\multispectral-super-resolution\data\toulon-laspezia\WV02_Toulon_2014_04_06_011651052010_0\011651052010_01_003\011651052010_01_003\011651052010_01\011651052010_01_P001_MUL\14APR06105737-M2AS-011651052010_01_P001.TIF,32631,"POLYGON ((734208.2502439567 4778873.749791597, 738918.2502804458 4778873.749791671, 738918.2502794721 4775959.749792291, 734208.2502431099 4775959.749792219, 734208.2502439567 4778873.749791597))",13724940.0,0.0,0.0,13733672.0,0.9993641904364688,train
WV02_Toulon_2015_11_16_011651049010_0,50,Toulon,WV02,203001056359AD00,203001056359AF00,64920167,64920169,011651049,2015-11-16 10:25:07.310560+00:00,2019-12-18 19:33:57+00:00,2019-12-18 19:34:51+00:00,16,GeoTiff,0.5,0.5,2.0,2.0,True,2A,NN,WGS84,UTM,31,Meter,23.60153,165.10455,27.045221,8,Coastal,Blue,Green,Yellow,Red,RedEdge,NIR,NIR2,C:\Users\ono008\master\multispectral-super-resolution\data\toulon-laspezia\WV02_Toulon_2015_11_16_011651049010_0\011651049010_01_003\011651049010_01_003\011651049010_01\011651049010_01_P001_PAN\15NOV16102507-P2AS-011651049010_01_P001.TIF,C:\Users\ono008\master\multispectral-super-resolution\data\toulon-laspezia\WV02_Toulon_2015_11_16_011651049010_0\011651049010_01_003\011651049010_01_003\011651049010_01\011651049010_01_P001_MUL\15NOV16102507-M2AS-011651049010_01_P001.TIF,32631,"POLYGON ((734208.2502439567 4778873.749791597, 738918.2502804458 4778873.749791671, 738918.2502794721 4775959.749792291, 734208.2502431099 4775959.749792219, 734208.2502439567 4778873.749791597))",13724940.0,0.0,0.0,13733672.0,0.9993641904364688,val
WV02_Toulon_2016_03_14_011651064010_0,51,Toulon,WV02,20300105636D9800,20300105636D9A00,64923689,64923690,011651064,2016-03-14 10:37:10.324076+00:00,2019-12-18 20:57:43+00:00,2019-12-18 20:58:44+00:00,16,GeoTiff,0.5,0.5,2.0,2.0,True,2A,NN,WGS84,UTM,31,Meter,17.992455,156.64777,42.2617,8,Coastal,Blue,Green,Yellow,Red,RedEdge,NIR,NIR2,C:\Users\ono008\master\multispectral-super-resolution\data\toulon-laspezia\WV02_Toulon_2016_03_14_011651064010_0\011651064010_01_003\011651064010_01_003\011651064010_01\011651064010_01_P001_PAN\16MAR14103710-P2AS-011651064010_01_P001.TIF,C:\Users\ono008\master\multispectral-super-resolution\data\toulon-laspezia\WV02_Toulon_2016_03_14_011651064010_0\011651064010_01_003\011651064010_01_003\011651064010_01\011651064010_01_P001_MUL\16MAR14103710-M2AS-011651064010_01_P001.TIF,32631,"POLYGON ((734208.2502439567 4778873.749791597, 738918.2502804458 4778873.749791671, 738918.2502794721 4775959.749792291, 734208.2502431099 4775959.749792219, 734208.2502439567 4778873.749791597))",13724940.0,13197272.0,0.96155405,13733672.0,0.9993641904364688,train
WV02_Toulon_2016_03_22_011651057010_0,52,Toulon,WV02,20300105636D8500,20300105636D8700,64923677,64923678,011651057,2016-03-22 10:41:52.677995+00:00,2019-12-18 20:56:17+00:00,2019-12-18 20:56:54+00:00,16,GeoTiff,0.5,0.5,2.0,2.0,True,2A,NN,WGS84,UTM,31,Meter,17.368587,157.74428,45.793427,8,Coastal,Blue,Green,Yellow,Red,RedEdge,NIR,NIR2,C:\Users\ono008\master\multispectral-super-resolution\data\toulon-laspezia\WV02_Toulon_2016_03_22_011651057010_0\011651057010_01_003\011651057010_01_003\011651057010_01\011651057010_01_P001_PAN\16MAR22104152-P2AS-011651057010_01_P001.TIF,C:\Users\ono008\master\multispectral-super-resolution\data\toulon-laspezia\WV02_Toulon_2016_03_22_011651057010_0\011651057010_01_003\011651057010_01_003\011651057010_01\011651057010_01_P001_MUL\16MAR22104152-M2AS-011651057010_01_P001.TIF,32631,"POLYGON ((734208.2502439567 4778873.749791597, 738918.2502804458 4778873.749791671, 738918.2502794721 4775959.749792291, 734208.2502431099 4775959.749792219, 734208.2502439567 4778873.749791597))",13724940.0,0.0,0.0,13733672.0,0.9993641904364688,train
WV02_Toulon_2016_03_25_011651060010_0,53,Toulon,WV02,20300105636D8F00,20300105636D9100,64923683,64923684,011651060,2016-03-25 10:31:03.639724+00:00,2019-12-18 20:57:23+00:00,2019-12-18 20:58:27+00:00,16,GeoTiff,0.4674922227859497,0.4674922227859497,1.869968891143799,1.869968891143799,True,2A,NN,WGS84,UTM,31,Meter,5.0673146,153.83412,46.172466,8,Coastal,Blue,Green,Yellow,Red,RedEdge,NIR,NIR2,C:\Users\ono008\master\multispectral-super-resolution\data\toulon-laspezia\WV02_Toulon_2016_03_25_011651060010_0\011651060010_01_003\011651060010_01_003\011651060010_01\011651060010_01_P001_PAN\16MAR25103103-P2AS-011651060010_01_P001.TIF,C:\Users\ono008\master\multispectral-super-resolution\data\toulon-laspezia\WV02_Toulon_2016_03_25_011651060010_0\011651060010_01_003\011651060010_01_003\011651060010_01\011651060010_01_P001_MUL\16MAR25103103-M2AS-011651060010_01_P001.TIF,32631,"POLYGON ((734350.1073255122 4778873.564563667, 738918.4413620308 4778873.564563738, 738918.4413610568 4775958.283063066, 734454.8255833302 4775958.283062997, 734350.1073255122 4778873.564563667))",13165338.0,0.0,0.0,13733672.0,0.9586174768117369,test
WV02_Toulon_2016_03_30_011651053010_0,54,Toulon,WV02,20300105636D9500,20300105636D9700,64923687,64923688,011651053,2016-03-30 10:46:09.382841+00:00,2019-12-18 20:57:42+00:00,2019-12-18 20:58:35+00:00,16,GeoTiff,0.5,0.5,2.0,2.0,True,2A,NN,WGS84,UTM,31,Meter,19.455713,158.8682,49.26273,8,Coastal,Blue,Green,Yellow,Red,RedEdge,NIR,NIR2,C:\Users\ono008\master\multispectral-super-resolution\data\toulon-laspezia\WV02_Toulon_2016_03_30_011651053010_0\011651053010_01_003\011651053010_01_003\011651053010_01\011651053010_01_P001_PAN\16MAR30104609-P2AS-011651053010_01_P001.TIF,C:\Users\ono008\master\multispectral-super-resolution\data\toulon-laspezia\WV02_Toulon_2016_03_30_011651053010_0\011651053010_01_003\011651053010_01_003\011651053010_01\011651053010_01_P001_MUL\16MAR30104609-M2AS-011651053010_01_P001.TIF,32631,"POLYGON ((734208.2502439567 4778873.749791597, 738918.2502804458 4778873.749791671, 738918.2502794721 4775959.749792291, 734208.2502431099 4775959.749792219, 734208.2502439567 4778873.749791597))",13724940.0,2534549.2,0.18466742,13733672.0,0.9993641904364688,test
WV02_Toulon_2016_09_28_011651048010_0,55,Toulon,WV02,20300105636D2E00,20300105636D3000,64923613,64923614,011651048,2016-09-28 10:32:19.577472+00:00,2019-12-18 20:51:39+00:00,2019-12-18 20:53:03+00:00,16,GeoTiff,0.5,0.5,2.0,2.0,True,2A,NN,WGS84,UTM,31,Meter,16.392563,161.1534,43.161175,8,Coastal,Blue,Green,Yellow,Red,RedEdge,NIR,NIR2,C:\Users\ono008\master\multispectral-super-resolution\data\toulon-laspezia\WV02_Toulon_2016_09_28_011651048010_0\011651048010_01_003\011651048010_01_003\011651048010_01\011651048010_01_P001_PAN\16SEP28103219-P2AS-011651048010_01_P001.TIF,C:\Users\ono008\master\multispectral-super-resolution\data\toulon-laspezia\WV02_Toulon_2016_09_28_011651048010_0\011651048010_01_003\011651048010_01_003\011651048010_01\011651048010_01_P001_MUL\16SEP28103219-M2AS-011651048010_01_P001.TIF,32631,"POLYGON ((734208.2502439567 4778873.749791597, 738918.2502804458 4778873.749791671, 738918.2502794721 4775959.749792291, 734208.2502431099 4775959.749792219, 734208.2502439567 4778873.749791597))",13724940.0,0.0,0.0,13733672.0,0.9993641904364688,val
WV02_Toulon_2017_08_19_011651059010_0,56,Toulon,WV02,20300105636D9D00,20300105636D9F00,64923692,64923693,011651059,2017-08-19 10:37:23.226188+00:00,2019-12-18 20:58:09+00:00,2019-12-18 20:59:06+00:00,16,GeoTiff,0.4846352934837341,0.4846352934837341,1.938541173934937,1.938541173934937,True,2A,NN,WGS84,UTM,31,Meter,12.136677,151.25298,56.827946,8,Coastal,Blue,Green,Yellow,Red,RedEdge,NIR,NIR2,C:\Users\ono008\master\multispectral-super-resolution\data\toulon-laspezia\WV02_Toulon_2017_08_19_011651059010_0\011651059010_01_003\011651059010_01_003\011651059010_01\011651059010_01_P001_PAN\17AUG19103723-P2AS-011651059010_01_P001.TIF,C:\Users\ono008\master\multispectral-super-resolution\data\toulon-laspezia\WV02_Toulon_2017_08_19_011651059010_0\011651059010_01_003\011651059010_01_003\011651059010_01\011651059010_01_P001_MUL\17AUG19103723-M2AS-011651059010_01_P001.TIF,32631,"POLYGON ((734209.1424012497 4778874.01258779, 738917.8589492169 4778874.012587862, 738917.8589482429 4775958.446662884, 734209.1424004021 4775958.446662814, 734209.1424012497 4778874.01258779))",13728574.0,10122310.0,0.7373169,13733672.0,0.9996287955617406,test
WV02_Toulon_2019_07_29_011650877010_0,57,Toulon,WV02,20300105630ECF00,20300105630ED300,64906697,64906698,011650877,2019-07-29 11:02:20.771031+00:00,2019-12-18 11:25:47+00:00,2019-12-18 11:26:43+00:00,16,GeoTiff,0.5,0.5,2.0,2.0,True,2A,NN,WGS84,UTM,31,Meter,26.875324,157.34888,64.36267,8,Coastal,Blue,Green,Yellow,Red,RedEdge,NIR,NIR2,C:\Users\ono008\master\multispectral-super-resolution\data\toulon-laspezia\WV02_Toulon_2019_07_29_011650877010_0\011650877010_01_003\011650877010_01_003\011650877010_01\011650877010_01_P001_PAN\19JUL29110220-P2AS-011650877010_01_P001.TIF,C:\Users\ono008\master\multispectral-super-resolution\data\toulon-laspezia\WV02_Toulon_2019_07_29_011650877010_0\011650877010_01_003\011650877010_01_003\011650877010_01\011650877010_01_P001_MUL\19JUL29110220-M2AS-011650877010_01_P001.TIF,32631,"POLYGON ((734208.2502439567 4778873.749791597, 738918.2502804458 4778873.749791671, 738918.2502794721 4775959.749792291, 734208.2502431099 4775959.749792219, 734208.2502439567 4778873.749791597))",13724940.0,0.0,0.0,13733672.0,0.9993641904364688,train
WV02_Toulon_2019_08_04_011650878010_0,58,Toulon,WV02,20300105630ECC00,20300105630ECE00,64906695,64906696,011650878,2019-08-04 10:42:25.257462+00:00,2019-12-18 11:25:43+00:00,2019-12-18 11:26:42+00:00,16,GeoTiff,0.5,0.5,2.0,2.0,True,2A,NN,WGS84,UTM,31,Meter,27.84394,148.92947,61.330112,8,Coastal,Blue,Green,Yellow,Red,RedEdge,NIR,NIR2,C:\Users\ono008\master\multispectral-super-resolution\data\toulon-laspezia\WV02_Toulon_2019_08_04_011650878010_0\011650878010_01_003\011650878010_01_003\011650878010_01\011650878010_01_P001_PAN\19AUG04104225-P2AS-011650878010_01_P001.TIF,C:\Users\ono008\master\multispectral-super-resolution\data\toulon-laspezia\WV02_Toulon_2019_08_04_011650878010_0\011650878010_01_003\011650878010_01_003\011650878010_01\011650878010_01_P001_MUL\19AUG04104225-M2AS-011650878010_01_P001.TIF,32631,"POLYGON ((734208.2502439567 4778873.749791597, 738918.2502804458 4778873.749791671, 738918.2502794721 4775959.749792291, 734208.2502431099 4775959.749792219, 734208.2502439567 4778873.749791597))",13724940.0,0.0,0.0,13733672.0,0.9993641904364688,train
WV02_Toulon_2019_09_11_011650876010_0,59,Toulon,WV02,20300105630EBC00,20300105630EBF00,64906685,64906686,011650876,2019-09-11 10:42:29.603580+00:00,2019-12-18 11:25:15+00:00,2019-12-18 11:26:08+00:00,16,GeoTiff,0.5,0.5,2.0,2.0,True,2A,NN,WGS84,UTM,31,Meter,23.49668,160.11249,50.049282,8,Coastal,Blue,Green,Yellow,Red,RedEdge,NIR,NIR2,C:\Users\ono008\master\multispectral-super-resolution\data\toulon-laspezia\WV02_Toulon_2019_09_11_011650876010_0\011650876010_01_003\011650876010_01_003\011650876010_01\011650876010_01_P001_PAN\19SEP11104229-P2AS-011650876010_01_P001.TIF,C:\Users\ono008\master\multispectral-super-resolution\data\toulon-laspezia\WV02_Toulon_2019_09_11_011650876010_0\011650876010_01_003\011650876010_01_003\011650876010_01\011650876010_01_P001_MUL\19SEP11104229-M2AS-011650876010_01_P001.TIF,32631,"POLYGON ((734208.2502439567 4778873.749791597, 738918.2502804458 4778873.749791671, 738918.2502794721 4775959.749792291, 734208.2502431099 4775959.749792219, 734208.2502439567 4778873.749791597))",13724940.0,1307472.2,0.09526251,13733672.0,0.9993641904364688,train
WV02_Toulon_2019_10_16_011650874010_0,60,Toulon,WV02,20300105630EC000,20300105630EC200,64906689,64906690,011650874,2019-10-16 10:53:51.547908+00:00,2019-12-18 11:25:31+00:00,2019-12-18 11:26:33+00:00,16,GeoTiff,0.5,0.5,2.0,2.0,True,2A,NN,WGS84,UTM,31,Meter,28.282766,171.1832,37.822414,8,Coastal,Blue,Green,Yellow,Red,RedEdge,NIR,NIR2,C:\Users\ono008\master\multispectral-super-resolution\data\toulon-laspezia\WV02_Toulon_2019_10_16_011650874010_0\011650874010_01_003\011650874010_01_003\011650874010_01\011650874010_01_P001_PAN\19OCT16105351-P2AS-011650874010_01_P001.TIF,C:\Users\ono008\master\multispectral-super-resolution\data\toulon-laspezia\WV02_Toulon_2019_10_16_011650874010_0\011650874010_01_003\011650874010_01_003\011650874010_01\011650874010_01_P001_MUL\19OCT16105351-M2AS-011650874010_01_P001.TIF,32631,"POLYGON ((734208.2502439567 4778873.749791597, 738918.2502804458 4778873.749791671, 738918.2502794721 4775959.749792291, 734208.2502431099 4775959.749792219, 734208.2502439567 4778873.749791597))",13724940.0,0.0,0.0,13733672.0,0.9993641904364688,val
WV02_Toulon_2019_12_15_011650875010_0,61,Toulon,WV02,20300105630EC600,20300105630EC800,64906691,64906692,011650875,2019-12-15 10:42:58.451954+00:00,2019-12-18 11:25:44+00:00,2019-12-18 11:26:39+00:00,16,GeoTiff,0.5,0.5,2.0,2.0,True,2A,NN,WGS84,UTM,31,Meter,25.915115,167.94025,22.89004,8,Coastal,Blue,Green,Yellow,Red,RedEdge,NIR,NIR2,C:\Users\ono008\master\multispectral-super-resolution\data\toulon-laspezia\WV02_Toulon_2019_12_15_011650875010_0\011650875010_01_003\011650875010_01_003\011650875010_01\011650875010_01_P001_PAN\19DEC15104258-P2AS-011650875010_01_P001.TIF,C:\Users\ono008\master\multispectral-super-resolution\data\toulon-laspezia\WV02_Toulon_2019_12_15_011650875010_0\011650875010_01_003\011650875010_01_003\011650875010_01\011650875010_01_P001_MUL\19DEC15104258-M2AS-011650875010_01_P001.TIF,32631,"POLYGON ((734208.2502439567 4778873.749791597, 738918.2502804458 4778873.749791671, 738918.2502794721 4775959.749792291, 734208.2502431099 4775959.749792219, 734208.2502439567 4778873.749791597))",13724940.0,0.0,0.0,13733672.0,0.9993641904364688,train
WV03_La_Spezia_2016_01_03_011650743010_0,62,La_Spezia,WV03_VNIR,20300105635AAB00,20300105635AB000,64920343,64920344,011650743,2016-01-13 10:40:36.234257+00:00,2019-12-18 19:36:00+00:00,2019-12-18 19:37:00+00:00,16,GeoTiff,0.3658279776573181,0.3658279776573181,1.463311910629272,1.463311910629272,True,2A,NN,WGS84,UTM,32,Meter,24.082819,167.69318,23.629616,8,NIR,Red,Green,Blue,RedEdge,Yellow,Coastal,NIR2,C:\Users\ono008\master\multispectral-super-resolution\data\toulon-laspezia\WV03_La_Spezia_2016_01_03_011650743010_0\011650743010_01_003\011650743010_01_003\011650743010_01\011650743010_01_P001_PAN\16JAN13104036-P2AS-011650743010_01_P001.TIF,C:\Users\ono008\master\multispectral-super-resolution\data\toulon-laspezia\WV03_La_Spezia_2016_01_03_011650743010_0\011650743010_01_003\011650743010_01_003\011650743010_01\011650743010_01_P001_MUL\16JAN13104036-M2AS-011650743010_01_P001.TIF,32632,"POLYGON ((565043.4440844107 4884684.23235047, 570778.1634621952 4884684.232350467, 570778.1634621948 4880900.107750444, 565088.8067536402 4880900.107750446, 565085.8801298189 4883206.287321072, 565043.4440844107 4884684.23235047))",21568294.0,0.0,0.0,23535126.0,0.9164299354080365,train
WV03_La_Spezia_2018_08_06_011650747010_0,63,La_Spezia,WV03_VNIR,203001056358FE00,2030010563590500,64920059,64920060,011650747,2018-08-06 10:36:29.441492+00:00,2019-12-18 19:32:22+00:00,2019-12-18 19:33:21+00:00,16,GeoTiff,0.3546872437000275,0.3546872437000275,1.41874897480011,1.41874897480011,True,2A,NN,WGS84,UTM,32,Meter,21.981571,154.84514,60.755905,8,NIR,Red,Green,Blue,RedEdge,Yellow,Coastal,NIR2,C:\Users\ono008\master\multispectral-super-resolution\data\toulon-laspezia\WV03_La_Spezia_2018_08_06_011650747010_0\011650747010_01_003\011650747010_01_003\011650747010_01\011650747010_01_P001_PAN\18AUG06103629-P2AS-011650747010_01_P001.TIF,C:\Users\ono008\master\multispectral-super-resolution\data\toulon-laspezia\WV03_La_Spezia_2018_08_06_011650747010_0\011650747010_01_003\011650747010_01_003\011650747010_01\011650747010_01_P001_MUL\18AUG06103629-M2AS-011650747010_01_P001.TIF,32632,"POLYGON ((564562.9568858624 4884684.442711431, 569944.2717473044 4884684.44271143, 569954.2029901278 4883423.17487312, 569972.6467268004 4880899.220447525, 564562.9568858623 4880899.220447527, 564562.9568858624 4884684.442711431))",20424078.0,0.0,0.0,23535126.0,0.8678125623801631,train
WV03_VNIR_Toulon_2015_04_09_011650880010_0,64,Toulon,WV03_VNIR,2030010563694700,2030010563694B00,64922885,64922886,011650880,2015-04-09 10:23:35.429408+00:00,2019-12-18 20:14:58+00:00,2019-12-18 20:15:58+00:00,16,GeoTiff,0.3743233680725098,0.3743233680725098,1.497293472290039,1.497293472290039,True,2A,NN,WGS84,UTM,31,Meter,25.909914,149.799,51.0155,8,NIR,Red,Green,Blue,RedEdge,Yellow,Coastal,NIR2,C:\Users\ono008\master\multispectral-super-resolution\data\toulon-laspezia\WV03_VNIR_Toulon_2015_04_09_011650880010_0\011650880010_01_003\011650880010_01_003\011650880010_01\011650880010_01_P001_PAN\15APR09102335-P2AS-011650880010_01_P001.TIF,C:\Users\ono008\master\multispectral-super-resolution\data\toulon-laspezia\WV03_VNIR_Toulon_2015_04_09_011650880010_0\011650880010_01_003\011650880010_01_003\011650880010_01\011650880010_01_P001_MUL\15APR09102335-M2AS-011650880010_01_P001.TIF,32631,"POLYGON ((734208.5225973697 4778873.955801224, 738919.0078976874 4778873.955801299, 738919.0078967133 4775958.725411369, 734208.5225965224 4775958.725411298, 734208.5225973697 4778873.955801224))",13732150.0,0.0,0.0,13733672.0,0.9998891774901861,train
WV03_VNIR_Toulon_2015_07_01_011650884010_0,65,Toulon,WV03_VNIR,20300105630F0300,20300105630F0500,64906735,64906736,011650884,2015-07-01 10:33:52.112278+00:00,2019-12-18 11:26:51+00:00,2019-12-18 11:28:15+00:00,16,GeoTiff,0.3244121372699738,0.3244121372699738,1.297648549079895,1.297648549079895,True,2A,NN,WGS84,UTM,31,Meter,13.145553,140.013,65.90188,8,NIR,Red,Green,Blue,RedEdge,Yellow,Coastal,NIR2,C:\Users\ono008\master\multispectral-super-resolution\data\toulon-laspezia\WV03_VNIR_Toulon_2015_07_01_011650884010_0\011650884010_01_003\011650884010_01_003\011650884010_01\011650884010_01_P001_PAN\15JUL01103351-P2AS-011650884010_01_P001.TIF,C:\Users\ono008\master\multispectral-super-resolution\data\toulon-laspezia\WV03_VNIR_Toulon_2015_07_01_011650884010_0\011650884010_01_003\011650884010_01_003\011650884010_01\011650884010_01_P001_MUL\15JUL01103352-M2AS-011650884010_01_P001.TIF,32631,"POLYGON ((734208.4138708821 4778873.506955942, 738918.8781405352 4778873.506956015, 738918.8781395613 4775958.988315402, 734208.413870035 4775958.98831533, 734208.4138708821 4778873.506955942))",13728736.0,0.0,0.0,13733672.0,0.9996405913873581,train
WV03_VNIR_Toulon_2016_01_01_011650881010_0,66,Toulon,WV03_VNIR,2030010563691500,2030010563691700,64922864,64922865,011650881,2016-01-01 10:51:25.263449+00:00,2019-12-18 20:14:28+00:00,2019-12-18 20:15:28+00:00,16,GeoTiff,0.3776383697986603,0.3776383697986603,1.510553479194641,1.510553479194641,True,2A,NN,WGS84,UTM,31,Meter,26.487164,167.9297,23.123714,8,NIR,Red,Green,Blue,RedEdge,Yellow,Coastal,NIR2,C:\Users\ono008\master\multispectral-super-resolution\data\toulon-laspezia\WV03_VNIR_Toulon_2016_01_01_011650881010_0\011650881010_01_003\011650881010_01_003\011650881010_01\011650881010_01_P001_PAN\16JAN01105125-P2AS-011650881010_01_P001.TIF,C:\Users\ono008\master\multispectral-super-resolution\data\toulon-laspezia\WV03_VNIR_Toulon_2016_01_01_011650881010_0\011650881010_01_003\011650881010_01_003\011650881010_01\011650881010_01_P001_MUL\16JAN01105125-M2AS-011650881010_01_P001.TIF,32631,"POLYGON ((734209.2392861416 4778872.899300894, 738919.1450707596 4778872.899300965, 738919.1450697861 4775959.041640219, 734209.2392852945 4775959.041640148, 734209.2392861416 4778872.899300894))",13723995.0,0.0,0.0,13733672.0,0.9992953814537001,train
WV03_VNIR_Toulon_2016_02_08_011650888010_0,67,Toulon,WV03_VNIR,203001056369A400,203001056369A600,64922967,64922968,011650888,2016-02-08 10:49:23.919610+00:00,2019-12-18 20:17:30+00:00,2019-12-18 20:18:22+00:00,16,GeoTiff,0.3343007266521454,0.3343007266521454,1.337202906608582,1.337202906608582,True,2A,NN,WGS84,UTM,31,Meter,17.155895,162.86136,30.314808,8,NIR,Red,Green,Blue,RedEdge,Yellow,Coastal,NIR2,C:\Users\ono008\master\multispectral-super-resolution\data\toulon-laspezia\WV03_VNIR_Toulon_2016_02_08_011650888010_0\011650888010_01_003\011650888010_01_003\011650888010_01\011650888010_01_P001_PAN\16FEB08104923-P2AS-011650888010_01_P001.TIF,C:\Users\ono008\master\multispectral-super-resolution\data\toulon-laspezia\WV03_VNIR_Toulon_2016_02_08_011650888010_0\011650888010_01_003\011650888010_01_003\011650888010_01\011650888010_01_P001_MUL\16FEB08104923-M2AS-011650888010_01_P001.TIF,32631,"POLYGON ((734208.8069055513 4778872.847829572, 738919.772782031 4778872.847829645, 738919.7727810574 4775959.082696764, 734208.8069047047 4775959.082696693, 734208.8069055513 4778872.847829572))",13726648.0,11804788.0,0.8599906,13733672.0,0.9994885563016213,train
WV03_VNIR_Toulon_2016_04_05_011650879010_0,68,Toulon,WV03_VNIR,20300105630F0600,20300105630F0800,64906737,64906738,011650879,2016-04-05 10:51:20.430697+00:00,2019-12-18 11:26:52+00:00,2019-12-18 11:28:20+00:00,16,GeoTiff,0.3109529614448547,0.3109529614448547,1.243811845779419,1.243811845779419,True,2A,NN,WGS84,UTM,31,Meter,4.118719,160.57727,51.92923,8,NIR,Red,Green,Blue,RedEdge,Yellow,Coastal,NIR2,C:\Users\ono008\master\multispectral-super-resolution\data\toulon-laspezia\WV03_VNIR_Toulon_2016_04_05_011650879010_0\011650879010_01_003\011650879010_01_003\011650879010_01\011650879010_01_P001_PAN\16APR05105120-P2AS-011650879010_01_P001.TIF,C:\Users\ono008\master\multispectral-super-resolution\data\toulon-laspezia\WV03_VNIR_Toulon_2016_04_05_011650879010_0\011650879010_01_003\011650879010_01_003\011650879010_01\011650879010_01_P001_MUL\16APR05105120-M2AS-011650879010_01_P001.TIF,32631,"POLYGON ((734208.6063537272 4778872.969409293, 738918.9218501857 4778872.969409367, 738918.921849212 4775958.718255323, 734208.6063528801 4775958.718255252, 734208.6063537272 4778872.969409293))",13727042.0,4602935.5,0.3353188,13733672.0,0.9995172449145429,train
WV03_VNIR_Toulon_2016_04_11_011650882010_0,69,Toulon,WV03_VNIR,20300105630F0C00,20300105630F0E00,64906739,64906740,011650882,2016-04-11 10:46:38.954045+00:00,2019-12-18 11:26:55+00:00,2019-12-18 11:28:38+00:00,16,GeoTiff,0.3174320161342621,0.3174320161342621,1.269728064537048,1.269728064537048,True,2A,NN,WGS84,UTM,31,Meter,8.422921,158.4078,53.891663,8,NIR,Red,Green,Blue,RedEdge,Yellow,Coastal,NIR2,C:\Users\ono008\master\multispectral-super-resolution\data\toulon-laspezia\WV03_VNIR_Toulon_2016_04_11_011650882010_0\011650882010_01_003\011650882010_01_003\011650882010_01\011650882010_01_P001_PAN\16APR11104639-P2AS-011650882010_01_P001.TIF,C:\Users\ono008\master\multispectral-super-resolution\data\toulon-laspezia\WV03_VNIR_Toulon_2016_04_11_011650882010_0\011650882010_01_003\011650882010_01_003\011650882010_01\011650882010_01_P001_MUL\16APR11104638-M2AS-011650882010_01_P001.TIF,32631,"POLYGON ((734208.9847259372 4778872.818117549, 738919.675881865 4778872.818117622, 738919.6758808914 4775958.792210129, 734208.9847250903 4775958.792210057, 734208.9847259372 4778872.818117549))",13727076.0,0.0,0.0,13733672.0,0.9995197205816478,train
WV03_VNIR_Toulon_2017_07_03_011650887010_0,70,Toulon,WV03_VNIR,20300105630EF400,20300105630EF600,64906724,64906725,011650887,2017-07-03 10:57:04.074633+00:00,2019-12-18 11:26:48+00:00,2019-12-18 11:27:33+00:00,16,GeoTiff,0.3117392659187317,0.3117392659187317,1.246957063674927,1.246957063674927,True,2A,NN,WGS84,UTM,31,Meter,4.503231,152.22765,68.05398,8,NIR,Red,Green,Blue,RedEdge,Yellow,Coastal,NIR2,C:\Users\ono008\master\multispectral-super-resolution\data\toulon-laspezia\WV03_VNIR_Toulon_2017_07_03_011650887010_0\011650887010_01_003\011650887010_01_003\011650887010_01\011650887010_01_P001_PAN\17JUL03105703-P2AS-011650887010_01_P001.TIF,C:\Users\ono008\master\multispectral-super-resolution\data\toulon-laspezia\WV03_VNIR_Toulon_2017_07_03_011650887010_0\011650887010_01_003\011650887010_01_003\011650887010_01\011650887010_01_P001_MUL\17JUL03105704-M2AS-011650887010_01_P001.TIF,32631,"POLYGON ((734208.475205388 4778873.009547536, 738919.4790284494 4778873.009547611, 738919.4790274757 4775958.870890422, 734208.4752045411 4775958.870890349, 734208.475205388 4778873.009547536))",13728518.0,0.0,0.0,13733672.0,0.9996247179923913,train
WV03_VNIR_Toulon_2018_10_03_011650886010_0,71,Toulon,WV03_VNIR,2030010563692900,2030010563692C00,64922873,64922874,011650886,2018-10-03 11:00:04.557207+00:00,2019-12-18 20:14:43+00:00,2019-12-18 20:15:42+00:00,16,GeoTiff,0.3486084043979645,0.3486084043979645,1.394433617591858,1.394433617591858,True,2A,NN,WGS84,UTM,31,Meter,20.685734,171.38297,42.69844,8,NIR,Red,Green,Blue,RedEdge,Yellow,Coastal,NIR2,C:\Users\ono008\master\multispectral-super-resolution\data\toulon-laspezia\WV03_VNIR_Toulon_2018_10_03_011650886010_0\011650886010_01_003\011650886010_01_003\011650886010_01\011650886010_01_P001_PAN\18OCT03110004-P2AS-011650886010_01_P001.TIF,C:\Users\ono008\master\multispectral-super-resolution\data\toulon-laspezia\WV03_VNIR_Toulon_2018_10_03_011650886010_0\011650886010_01_003\011650886010_01_003\011650886010_01\011650886010_01_P001_MUL\18OCT03110004-M2AS-011650886010_01_P001.TIF,32631,"POLYGON ((734208.5183515665 4778873.037371774, 738918.9151482842 4778873.037371848, 738918.9151473105 4775958.671111702, 734208.5183507195 4775958.671111629, 734208.5183515665 4778873.037371774))",13727821.0,0.0,0.0,13733672.0,0.9995739668167406,train
WV03_VNIR_Toulon_2019_02_11_011650889010_0,72,Toulon,WV03_VNIR,2030010563692500,2030010563692700,64922869,64922870,011650889,2019-02-11 10:47:36.251949+00:00,2019-12-18 20:14:37+00:00,2019-12-18 20:15:40+00:00,16,GeoTiff,0.3315999209880829,0.3315999209880829,1.326399683952332,1.326399683952332,True,2A,NN,WGS84,UTM,31,Meter,15.813169,162.06572,31.237183,8,NIR,Red,Green,Blue,RedEdge,Yellow,Coastal,NIR2,C:\Users\ono008\master\multispectral-super-resolution\data\toulon-laspezia\WV03_VNIR_Toulon_2019_02_11_011650889010_0\011650889010_01_003\011650889010_01_003\011650889010_01\011650889010_01_P001_PAN\19FEB11104736-P2AS-011650889010_01_P001.TIF,C:\Users\ono008\master\multispectral-super-resolution\data\toulon-laspezia\WV03_VNIR_Toulon_2019_02_11_011650889010_0\011650889010_01_003\011650889010_01_003\011650889010_01\011650889010_01_P001_MUL\19FEB11104736-M2AS-011650889010_01_P001.TIF,32631,"POLYGON ((734208.8151004751 4778873.317706337, 738918.8604146797 4778873.317706411, 738918.8604137056 4775957.891201704, 734208.8150996277 4775957.891201631, 734208.8151004751 4778873.317706337))",13731791.0,0.0,0.0,13733672.0,0.9998630373581079,train
