,int_uid,area_name,sensorVehicle,pan_catalogIdentifier,ms_catalogIdentifier,pan_processedProductId,ms_processedProductId,orderNumber,acquisitionTime,productionDate,updateDate,bitsPerPixel,imageFileFormat,pan_pixelHeight,pan_pixelWidth,ms_pixelHeight,ms_pixelWidth,isDynamicRangeAdjusted,processingLevel,resamplingKernel,datum,mapProjection,mapProjectionZone,mapProjectionUnit,offNadirAngle,sunAzimuth,sunElevation,ms_n_bands,ms_band0,ms_band1,ms_band2,ms_band3,ms_band4,ms_band5,ms_band6,ms_band7,pan_tif_path,ms_tif_path,EPSG,geometry,area_m2,clouds_area_m2,cloud_ratio,area_m2_max,area_ratio,train_val_test,n_tiles
WV02_La_Spezia_2010_08_06_011650744010_0,20,La_Spezia,WV02,20300105635BC200,20300105635BC400,64920520,64920522,011650744,2010-08-06 10:21:56.187460+00:00,2019-12-18 19:38:04+00:00,2019-12-18 19:39:05+00:00,16,GeoTiff,0.5,0.5,2.0,2.0,True,2A,NN,WGS84,UTM,32,Meter,17.22525,148.31403,59.532146,8,Coastal,Blue,Green,Yellow,Red,RedEdge,NIR,NIR2,C:\Users\ono008\master\multispectral-super-resolution\data\toulon-laspezia\WV02_La_Spezia_2010_08_06_011650744010_0\011650744010_01_003\011650744010_01_003\011650744010_01\011650744010_01_P001_PAN\10AUG06102156-P2AS-011650744010_01_P001.TIF,C:\Users\ono008\master\multispectral-super-resolution\data\toulon-laspezia\WV02_La_Spezia_2010_08_06_011650744010_0\011650744010_01_003\011650744010_01_003\011650744010_01\011650744010_01_P001_MUL\10AUG06102156-M2AS-011650744010_01_P001.TIF,32632,"POLYGON ((564562.2500000329 4884683.749769065, 570778.2500000629 4884683.749769063, 570778.2500000626 4880899.749769924, 564562.2500000326 4880899.749769926, 564562.2500000329 4884683.749769065))",23521344.0,0.0,0.0,23535126.0,0.999414407214136,test,201
WV02_La_Spezia_2011_05_02_011650586010_0,21,La_Spezia,WV02,2030010563517600,2030010563517A00,64918728,64918729,011650586,2011-05-02 10:34:35.974780+00:00,2019-12-18 19:01:11+00:00,2019-12-18 19:02:04+00:00,16,GeoTiff,0.4730212390422821,0.4730212390422821,1.892084956169128,1.892084956169128,True,2A,NN,WGS84,UTM,32,Meter,8.440873,158.946,60.017212,8,Coastal,Blue,Green,Yellow,Red,RedEdge,NIR,NIR2,C:\Users\ono008\master\multispectral-super-resolution\data\toulon-laspezia\WV02_La_Spezia_2011_05_02_011650586010_0\011650586010_01_003\011650586010_01_003\011650586010_01\011650586010_01_P001_PAN\11MAY02103435-P2AS-011650586010_01_P001.TIF,C:\Users\ono008\master\multispectral-super-resolution\data\toulon-laspezia\WV02_La_Spezia_2011_05_02_011650586010_0\011650586010_01_003\011650586010_01_003\011650586010_01\011650586010_01_P001_MUL\11MAY02103435-M2AS-011650586010_01_P001.TIF,32632,"POLYGON ((569006.9453794141 4884683.861587867, 570777.9368983988 4884683.861587867, 570777.9368983984 4880899.691676392, 569054.2475033184 4880899.691676393, 569006.9453794141 4884683.861587867))",6612233.0,2617239.5,0.3958178,23535126.0,0.2809516719817009,train,155
WV02_La_Spezia_2011_05_10_011650587010_0,22,La_Spezia,WV02,203001056350B200,203001056350B400,64918572,64918573,011650587,2011-05-10 10:41:18.468932+00:00,2019-12-18 18:55:17+00:00,2019-12-18 18:55:55+00:00,16,GeoTiff,0.5,0.5,2.0,2.0,True,2A,NN,WGS84,UTM,32,Meter,25.989132,161.29073,62.63743,8,Coastal,Blue,Green,Yellow,Red,RedEdge,NIR,NIR2,C:\Users\ono008\master\multispectral-super-resolution\data\toulon-laspezia\WV02_La_Spezia_2011_05_10_011650587010_0\011650587010_01_003\011650587010_01_003\011650587010_01\011650587010_01_P001_PAN\11MAY10104118-P2AS-011650587010_01_P001.TIF,C:\Users\ono008\master\multispectral-super-resolution\data\toulon-laspezia\WV02_La_Spezia_2011_05_10_011650587010_0\011650587010_01_003\011650587010_01_003\011650587010_01\011650587010_01_P001_MUL\11MAY10104118-M2AS-011650587010_01_P001.TIF,32632,"POLYGON ((569386.2500000547 4884683.749769065, 570778.2500000629 4884683.749769063, 570778.2500000626 4880899.749769924, 569406.2500000545 4880899.749769925, 569386.2500000547 4884683.749769065))",5229488.0,0.0,0.0,23535126.0,0.22219927779439125,train,108
WV02_La_Spezia_2011_10_28_011650745010_0,23,La_Spezia,WV02,2030010563350A00,2030010563350D00,64913587,64913588,011650745,2011-10-28 11:15:45.928566+00:00,2019-12-18 16:00:44+00:00,2019-12-18 16:01:50+00:00,16,GeoTiff,0.5,0.5,2.0,2.0,True,2A,NN,WGS84,UTM,32,Meter,38.97239,183.29227,32.957905,8,Coastal,Blue,Green,Yellow,Red,RedEdge,NIR,NIR2,C:\Users\ono008\master\multispectral-super-resolution\data\toulon-laspezia\WV02_La_Spezia_2011_10_28_011650745010_0\011650745010_01_003\011650745010_01_003\011650745010_01\011650745010_01_P001_PAN\11OCT28111545-P2AS-011650745010_01_P001.TIF,C:\Users\ono008\master\multispectral-super-resolution\data\toulon-laspezia\WV02_La_Spezia_2011_10_28_011650745010_0\011650745010_01_003\011650745010_01_003\011650745010_01\011650745010_01_P001_MUL\11OCT28111545-M2AS-011650745010_01_P001.TIF,32632,"POLYGON ((564562.2500000329 4884683.749769065, 570778.2500000629 4884683.749769063, 570778.2500000626 4880899.749769924, 564562.2500000326 4880899.749769926, 564562.2500000329 4884683.749769065))",23521344.0,0.0,0.0,23535126.0,0.999414407214136,train,471
WV02_La_Spezia_2012_01_10_011650582010_0,24,La_Spezia,WV02,2030010563525500,2030010563525B00,64918882,64918883,011650582,2012-01-10 10:55:40.321329+00:00,2019-12-18 19:05:31+00:00,2019-12-18 19:06:14+00:00,16,GeoTiff,0.5,0.5,2.0,2.0,True,2A,NN,WGS84,UTM,32,Meter,17.179634,171.84505,23.677675,8,Coastal,Blue,Green,Yellow,Red,RedEdge,NIR,NIR2,C:\Users\ono008\master\multispectral-super-resolution\data\toulon-laspezia\WV02_La_Spezia_2012_01_10_011650582010_0\011650582010_01_003\011650582010_01_003\011650582010_01\011650582010_01_P001_PAN\12JAN10105540-P2AS-011650582010_01_P001.TIF,C:\Users\ono008\master\multispectral-super-resolution\data\toulon-laspezia\WV02_La_Spezia_2012_01_10_011650582010_0\011650582010_01_003\011650582010_01_003\011650582010_01\011650582010_01_P001_MUL\12JAN10105540-M2AS-011650582010_01_P001.TIF,32632,"POLYGON ((564562.2500000329 4884683.749769065, 570778.2500000629 4884683.749769063, 570778.2500000626 4880899.749769924, 564562.2500000326 4880899.749769926, 564562.2500000329 4884683.749769065))",23521344.0,2778020.0,0.11810634,23535126.0,0.999414407214136,train,494
WV02_La_Spezia_2012_05_17_011650585010_0,25,La_Spezia,WV02,2030010563306700,2030010563306900,64912750,64912751,011650585,2012-05-17 10:43:08.869809+00:00,2019-12-18 15:42:33+00:00,2019-12-18 15:43:24+00:00,16,GeoTiff,0.4708921611309052,0.4708921611309052,1.883568644523621,1.883568644523621,True,2A,NN,WGS84,UTM,32,Meter,7.3710337,161.14821,64.564964,8,Coastal,Blue,Green,Yellow,Red,RedEdge,NIR,NIR2,C:\Users\ono008\master\multispectral-super-resolution\data\toulon-laspezia\WV02_La_Spezia_2012_05_17_011650585010_0\011650585010_01_003\011650585010_01_003\011650585010_01\011650585010_01_P001_PAN\12MAY17104308-P2AS-011650585010_01_P001.TIF,C:\Users\ono008\master\multispectral-super-resolution\data\toulon-laspezia\WV02_La_Spezia_2012_05_17_011650585010_0\011650585010_01_003\011650585010_01_003\011650585010_01\011650585010_01_P001_MUL\12MAY17104308-M2AS-011650585010_01_P001.TIF,32632,"POLYGON ((564562.2652691782 4884684.700127114, 570778.0417961364 4884684.700127111, 570778.0417961362 4880900.610721128, 564562.2652691781 4880900.610721128, 564562.2652691782 4884684.700127114))",23521054.0,0.0,0.0,23535126.0,0.9994020852065971,train,501
WV02_La_Spezia_2013_10_31_011650588010_0,26,La_Spezia,WV02,203001056351E500,203001056351E700,64918799,64918800,011650588,2013-10-31 10:40:04.697446+00:00,2019-12-18 19:03:17+00:00,2019-12-18 19:04:16+00:00,16,GeoTiff,0.475864440202713,0.475864440202713,1.903457760810852,1.903457760810852,True,2A,NN,WGS84,UTM,32,Meter,9.163697,173.12843,31.607397,8,Coastal,Blue,Green,Yellow,Red,RedEdge,NIR,NIR2,C:\Users\ono008\master\multispectral-super-resolution\data\toulon-laspezia\WV02_La_Spezia_2013_10_31_011650588010_0\011650588010_01_003\011650588010_01_003\011650588010_01\011650588010_01_P001_PAN\13OCT31104004-P2AS-011650588010_01_P001.TIF,C:\Users\ono008\master\multispectral-super-resolution\data\toulon-laspezia\WV02_La_Spezia_2013_10_31_011650588010_0\011650588010_01_003\011650588010_01_003\011650588010_01\011650588010_01_P001_MUL\13OCT31104004-M2AS-011650588010_01_P001.TIF,32632,"POLYGON ((564807.5489243754 4884685.426411585, 570778.6959200683 4884685.426411584, 570778.6959200681 4880899.448926195, 564853.2319106349 4880899.448926196, 564807.5489243754 4884685.426411585))",22520150.0,19591396.0,0.86994964,23535126.0,0.956873993366341,train,457
WV02_La_Spezia_2013_12_08_011650589010_0,27,La_Spezia,WV02,2030010563517300,2030010563517800,64918731,64918732,011650589,2013-12-08 10:41:49.521940+00:00,2019-12-18 19:01:08+00:00,2019-12-18 19:02:04+00:00,16,GeoTiff,0.5,0.5,2.0,2.0,True,2A,NN,WGS84,UTM,32,Meter,18.345367,172.30554,22.9732,8,Coastal,Blue,Green,Yellow,Red,RedEdge,NIR,NIR2,C:\Users\ono008\master\multispectral-super-resolution\data\toulon-laspezia\WV02_La_Spezia_2013_12_08_011650589010_0\011650589010_01_003\011650589010_01_003\011650589010_01\011650589010_01_P001_PAN\13DEC08104149-P2AS-011650589010_01_P001.TIF,C:\Users\ono008\master\multispectral-super-resolution\data\toulon-laspezia\WV02_La_Spezia_2013_12_08_011650589010_0\011650589010_01_003\011650589010_01_003\011650589010_01\011650589010_01_P001_MUL\13DEC08104149-M2AS-011650589010_01_P001.TIF,32632,"POLYGON ((564562.2500000329 4884683.749769065, 570778.2500000629 4884683.749769063, 570778.2500000626 4880899.749769924, 564562.2500000326 4880899.749769926, 564562.2500000329 4884683.749769065))",23521344.0,0.0,0.0,23535126.0,0.999414407214136,train,470
WV02_La_Spezia_2014_11_20_011650595010_0,28,La_Spezia,WV02,2030010563525300,2030010563525A00,64918880,64918881,011650595,2014-11-20 10:45:48.034921+00:00,2019-12-18 19:05:32+00:00,2019-12-18 19:06:13+00:00,16,GeoTiff,0.5,0.5,2.0,2.0,True,2A,NN,WGS84,UTM,32,Meter,20.606503,174.64726,26.206938,8,Coastal,Blue,Green,Yellow,Red,RedEdge,NIR,NIR2,C:\Users\ono008\master\multispectral-super-resolution\data\toulon-laspezia\WV02_La_Spezia_2014_11_20_011650595010_0\011650595010_01_003\011650595010_01_003\011650595010_01\011650595010_01_P001_PAN\14NOV20104547-P2AS-011650595010_01_P001.TIF,C:\Users\ono008\master\multispectral-super-resolution\data\toulon-laspezia\WV02_La_Spezia_2014_11_20_011650595010_0\011650595010_01_003\011650595010_01_003\011650595010_01\011650595010_01_P001_MUL\14NOV20104548-M2AS-011650595010_01_P001.TIF,32632,"POLYGON ((564562.2500000329 4884683.749769065, 570778.2500000629 4884683.749769063, 570778.2500000626 4880899.749769924, 564562.2500000326 4880899.749769926, 564562.2500000329 4884683.749769065))",23521344.0,0.0,0.0,23535126.0,0.999414407214136,train,528
WV02_La_Spezia_2015_01_05_011650746010_0,29,La_Spezia,WV02,2030010563598800,2030010563598A00,64920135,64920137,011650746,2015-01-05 10:46:56.440104+00:00,2019-12-18 19:33:39+00:00,2019-12-18 19:34:29+00:00,16,GeoTiff,0.5,0.5,2.0,2.0,True,2A,NN,WGS84,UTM,32,Meter,27.229053,170.24925,22.881962,8,Coastal,Blue,Green,Yellow,Red,RedEdge,NIR,NIR2,C:\Users\ono008\master\multispectral-super-resolution\data\toulon-laspezia\WV02_La_Spezia_2015_01_05_011650746010_0\011650746010_01_003\011650746010_01_003\011650746010_01\011650746010_01_P001_PAN\15JAN05104656-P2AS-011650746010_01_P001.TIF,C:\Users\ono008\master\multispectral-super-resolution\data\toulon-laspezia\WV02_La_Spezia_2015_01_05_011650746010_0\011650746010_01_003\011650746010_01_003\011650746010_01\011650746010_01_P001_MUL\15JAN05104656-M2AS-011650746010_01_P001.TIF,32632,"POLYGON ((564562.2500000329 4884683.749769065, 570778.2500000629 4884683.749769063, 570778.2500000626 4880899.749769924, 564562.2500000326 4880899.749769926, 564562.2500000329 4884683.749769065))",23521344.0,0.0,0.0,23535126.0,0.999414407214136,val,204
WV02_La_Spezia_2015_03_19_011650598010_0,30,La_Spezia,WV02,203001056350CE00,203001056350D000,64918598,64918599,011650598,2015-03-19 10:50:06.911027+00:00,2019-12-18 18:55:37+00:00,2019-12-18 18:56:31+00:00,16,GeoTiff,0.5,0.5,2.0,2.0,True,2A,NN,WGS84,UTM,32,Meter,29.120323,166.4431,44.689377,8,Coastal,Blue,Green,Yellow,Red,RedEdge,NIR,NIR2,C:\Users\ono008\master\multispectral-super-resolution\data\toulon-laspezia\WV02_La_Spezia_2015_03_19_011650598010_0\011650598010_01_003\011650598010_01_003\011650598010_01\011650598010_01_P001_PAN\15MAR19105006-P2AS-011650598010_01_P001.TIF,C:\Users\ono008\master\multispectral-super-resolution\data\toulon-laspezia\WV02_La_Spezia_2015_03_19_011650598010_0\011650598010_01_003\011650598010_01_003\011650598010_01\011650598010_01_P001_MUL\15MAR19105006-M2AS-011650598010_01_P001.TIF,32632,"POLYGON ((564562.2500000329 4884683.749769065, 570778.2500000629 4884683.749769063, 570778.2500000626 4880899.749769924, 564562.2500000326 4880899.749769926, 564562.2500000329 4884683.749769065))",23521344.0,0.0,0.0,23535126.0,0.999414407214136,val,195
WV02_La_Spezia_2015_03_19_011650600010_0,31,La_Spezia,WV02,203001056350EC00,203001056350EE00,64918625,64918626,011650600,2015-03-19 10:50:06.911027+00:00,2019-12-18 18:56:50+00:00,2019-12-18 18:58:11+00:00,16,GeoTiff,0.5,0.5,2.0,2.0,True,2A,NN,WGS84,UTM,32,Meter,29.120323,166.4431,44.689377,8,Coastal,Blue,Green,Yellow,Red,RedEdge,NIR,NIR2,C:\Users\ono008\master\multispectral-super-resolution\data\toulon-laspezia\WV02_La_Spezia_2015_03_19_011650600010_0\011650600010_01_003\011650600010_01_003\011650600010_01\011650600010_01_P001_PAN\15MAR19105006-P2AS-011650600010_01_P001.TIF,C:\Users\ono008\master\multispectral-super-resolution\data\toulon-laspezia\WV02_La_Spezia_2015_03_19_011650600010_0\011650600010_01_003\011650600010_01_003\011650600010_01\011650600010_01_P001_MUL\15MAR19105006-M2AS-011650600010_01_P001.TIF,32632,"POLYGON ((564562.2500000329 4884683.749769065, 570778.2500000629 4884683.749769063, 570778.2500000626 4880899.749769924, 564562.2500000326 4880899.749769926, 564562.2500000329 4884683.749769065))",23521344.0,0.0,0.0,23535126.0,0.999414407214136,test,177
WV02_La_Spezia_2015_04_24_011650748010_0,32,La_Spezia,WV02,203001056359B800,203001056359BB00,64920188,64920189,011650748,2015-04-24 10:20:27.007753+00:00,2019-12-18 19:33:59+00:00,2019-12-18 19:35:05+00:00,16,GeoTiff,0.4874135553836823,0.4874135553836823,1.949654221534729,1.949654221534729,True,2A,NN,WGS84,UTM,32,Meter,13.70979,153.57349,56.49344,8,Coastal,Blue,Green,Yellow,Red,RedEdge,NIR,NIR2,C:\Users\ono008\master\multispectral-super-resolution\data\toulon-laspezia\WV02_La_Spezia_2015_04_24_011650748010_0\011650748010_01_003\011650748010_01_003\011650748010_01\011650748010_01_P001_PAN\15APR24102026-P2AS-011650748010_01_P001.TIF,C:\Users\ono008\master\multispectral-super-resolution\data\toulon-laspezia\WV02_La_Spezia_2015_04_24_011650748010_0\011650748010_01_003\011650748010_01_003\011650748010_01\011650748010_01_P001_MUL\15APR24102027-M2AS-011650748010_01_P001.TIF,32632,"POLYGON ((564561.6166366221 4884684.888891831, 570779.0639491265 4884684.888891831, 570779.0639491262 4880900.610048696, 564561.6166366219 4880900.610048698, 564561.6166366221 4884684.888891831))",23528554.0,5491705.0,0.23340598,23535126.0,0.9997207578153607,train,526
WV02_La_Spezia_2015_05_21_011650592010_0,33,La_Spezia,WV02,2030010563517D00,2030010563517F00,64918736,64918737,011650592,2015-05-21 10:23:10.593428+00:00,2019-12-18 19:01:16+00:00,2019-12-18 19:02:12+00:00,16,GeoTiff,0.5,0.5,2.0,2.0,True,2A,NN,WGS84,UTM,32,Meter,17.193773,150.32045,63.72573,8,Coastal,Blue,Green,Yellow,Red,RedEdge,NIR,NIR2,C:\Users\ono008\master\multispectral-super-resolution\data\toulon-laspezia\WV02_La_Spezia_2015_05_21_011650592010_0\011650592010_01_003\011650592010_01_003\011650592010_01\011650592010_01_P001_PAN\15MAY21102310-P2AS-011650592010_01_P001.TIF,C:\Users\ono008\master\multispectral-super-resolution\data\toulon-laspezia\WV02_La_Spezia_2015_05_21_011650592010_0\011650592010_01_003\011650592010_01_003\011650592010_01\011650592010_01_P001_MUL\15MAY21102310-M2AS-011650592010_01_P001.TIF,32632,"POLYGON ((564562.2500000329 4884683.749769065, 570778.2500000629 4884683.749769063, 570778.2500000626 4880899.749769924, 564562.2500000326 4880899.749769926, 564562.2500000329 4884683.749769065))",23521344.0,5501728.5,0.23390366,23535126.0,0.999414407214136,test,222
WV02_La_Spezia_2017_03_10_011650750010_0,34,La_Spezia,WV02,2030010563573100,2030010563573400,64919742,64919743,011650750,2017-03-10 10:14:18.936541+00:00,2019-12-18 19:28:07+00:00,2019-12-18 19:29:12+00:00,16,GeoTiff,0.5,0.5,2.0,2.0,True,2A,NN,WGS84,UTM,32,Meter,18.97514,155.05702,39.15043,8,Coastal,Blue,Green,Yellow,Red,RedEdge,NIR,NIR2,C:\Users\ono008\master\multispectral-super-resolution\data\toulon-laspezia\WV02_La_Spezia_2017_03_10_011650750010_0\011650750010_01_003\011650750010_01_003\011650750010_01\011650750010_01_P001_PAN\17MAR10101418-P2AS-011650750010_01_P001.TIF,C:\Users\ono008\master\multispectral-super-resolution\data\toulon-laspezia\WV02_La_Spezia_2017_03_10_011650750010_0\011650750010_01_003\011650750010_01_003\011650750010_01\011650750010_01_P001_MUL\17MAR10101418-M2AS-011650750010_01_P001.TIF,32632,"POLYGON ((564562.2500000329 4884683.749769065, 570778.2500000629 4884683.749769063, 570778.2500000626 4880899.749769924, 564562.2500000326 4880899.749769926, 564562.2500000329 4884683.749769065))",23521344.0,0.0,0.0,23535126.0,0.999414407214136,test,208
WV02_La_Spezia_2017_07_31_011650593010_0,35,La_Spezia,WV02,203001056351CF00,203001056351D100,64918791,64918792,011650593,2017-07-31 10:36:08.345224+00:00,2019-12-18 19:03:01+00:00,2019-12-18 19:03:54+00:00,16,GeoTiff,0.4788398444652557,0.4788398444652557,1.915359377861023,1.915359377861023,True,2A,NN,WGS84,UTM,32,Meter,9.730888,153.42125,62.118996,8,Coastal,Blue,Green,Yellow,Red,RedEdge,NIR,NIR2,C:\Users\ono008\master\multispectral-super-resolution\data\toulon-laspezia\WV02_La_Spezia_2017_07_31_011650593010_0\011650593010_01_003\011650593010_01_003\011650593010_01\011650593010_01_P001_PAN\17JUL31103608-P2AS-011650593010_01_P001.TIF,C:\Users\ono008\master\multispectral-super-resolution\data\toulon-laspezia\WV02_La_Spezia_2017_07_31_011650593010_0\011650593010_01_003\011650593010_01_003\011650593010_01\011650593010_01_P001_MUL\17JUL31103608-M2AS-011650593010_01_P001.TIF,32632,"POLYGON ((564561.9928413806 4884685.236286148, 570777.3340225698 4884685.236286147, 570777.3340225696 4880900.486156357, 564561.9928413805 4880900.486156357, 564561.9928413806 4884685.236286148))",23523514.0,0.0,0.0,23535126.0,0.9995066098222716,test,196
WV02_La_Spezia_2018_05_18_011650597010_0,36,La_Spezia,WV02,2030010563526100,2030010563526300,64918887,64918888,011650597,2018-05-18 10:35:44.427670+00:00,2019-12-18 19:05:47+00:00,2019-12-18 19:06:27+00:00,16,GeoTiff,0.4831550121307373,0.4831550121307373,1.932620048522949,1.932620048522949,True,2A,NN,WGS84,UTM,32,Meter,11.722868,157.14552,64.19505,8,Coastal,Blue,Green,Yellow,Red,RedEdge,NIR,NIR2,C:\Users\ono008\master\multispectral-super-resolution\data\toulon-laspezia\WV02_La_Spezia_2018_05_18_011650597010_0\011650597010_01_003\011650597010_01_003\011650597010_01\011650597010_01_P001_PAN\18MAY18103544-P2AS-011650597010_01_P001.TIF,C:\Users\ono008\master\multispectral-super-resolution\data\toulon-laspezia\WV02_La_Spezia_2018_05_18_011650597010_0\011650597010_01_003\011650597010_01_003\011650597010_01\011650597010_01_P001_MUL\18MAY18103544-M2AS-011650597010_01_P001.TIF,32632,"POLYGON ((564563.0080122084 4884685.33511302, 569740.4971222251 4884685.335113018, 569761.7559427589 4880899.332438827, 564563.0080122082 4880899.332438828, 564563.0080122084 4884685.33511302))",19642230.0,0.0,0.0,23535126.0,0.8345920901379495,val,196
WV02_La_Spezia_2018_05_29_011650583010_0,37,La_Spezia,WV02,203001056351E200,203001056351E400,64918801,64918802,011650583,2018-05-29 10:31:32.579803+00:00,2019-12-18 19:03:17+00:00,2019-12-18 19:04:14+00:00,16,GeoTiff,0.4909915328025818,0.4909915328025818,1.963966131210327,1.963966131210327,True,2A,NN,WGS84,UTM,32,Meter,14.216101,152.86859,65.74645,8,Coastal,Blue,Green,Yellow,Red,RedEdge,NIR,NIR2,C:\Users\ono008\master\multispectral-super-resolution\data\toulon-laspezia\WV02_La_Spezia_2018_05_29_011650583010_0\011650583010_01_003\011650583010_01_003\011650583010_01\011650583010_01_P001_PAN\18MAY29103132-P2AS-011650583010_01_P001.TIF,C:\Users\ono008\master\multispectral-super-resolution\data\toulon-laspezia\WV02_La_Spezia_2018_05_29_011650583010_0\011650583010_01_003\011650583010_01_003\011650583010_01\011650583010_01_P001_MUL\18MAY29103132-M2AS-011650583010_01_P001.TIF,32632,"POLYGON ((564561.9495735199 4884684.009411455, 570055.1628425408 4884684.009411455, 570088.5502667713 4880899.446677476, 564561.9495735196 4880899.446677477, 564561.9495735199 4884684.009411455))",20852588.0,0.0,0.0,23535126.0,0.8860198156576684,val,172
WV02_La_Spezia_2018_07_06_011650749010_0,38,La_Spezia,WV02,2030010563593500,2030010563593700,64920097,64920099,011650749,2018-07-06 10:34:42.078546+00:00,2019-12-18 19:32:57+00:00,2019-12-18 19:33:38+00:00,16,GeoTiff,0.5,0.5,2.0,2.0,True,2A,NN,WGS84,UTM,32,Meter,17.826307,149.71193,66.332924,8,Coastal,Blue,Green,Yellow,Red,RedEdge,NIR,NIR2,C:\Users\ono008\master\multispectral-super-resolution\data\toulon-laspezia\WV02_La_Spezia_2018_07_06_011650749010_0\011650749010_01_003\011650749010_01_003\011650749010_01\011650749010_01_P001_PAN\18JUL06103441-P2AS-011650749010_01_P001.TIF,C:\Users\ono008\master\multispectral-super-resolution\data\toulon-laspezia\WV02_La_Spezia_2018_07_06_011650749010_0\011650749010_01_003\011650749010_01_003\011650749010_01\011650749010_01_P001_MUL\18JUL06103442-M2AS-011650749010_01_P001.TIF,32632,"POLYGON ((564562.2500000329 4884683.749769065, 570778.2500000629 4884683.749769063, 570778.2500000626 4880899.749769924, 564562.2500000326 4880899.749769926, 564562.2500000329 4884683.749769065))",23521344.0,415144.53,0.017649693,23535126.0,0.999414407214136,train,497
WV02_La_Spezia_2019_05_23_011650590010_0,39,La_Spezia,WV02,20300105634FCE00,20300105634FD000,64918376,64918377,011650590,2019-05-23 10:30:38.722957+00:00,2019-12-18 18:46:06+00:00,2019-12-18 18:46:54+00:00,16,GeoTiff,0.5,0.5,2.0,2.0,True,2A,NN,WGS84,UTM,32,Meter,18.04227,153.65324,64.71798,8,Coastal,Blue,Green,Yellow,Red,RedEdge,NIR,NIR2,C:\Users\ono008\master\multispectral-super-resolution\data\toulon-laspezia\WV02_La_Spezia_2019_05_23_011650590010_0\011650590010_01_003\011650590010_01_003\011650590010_01\011650590010_01_P001_PAN\19MAY23103038-P2AS-011650590010_01_P001.TIF,C:\Users\ono008\master\multispectral-super-resolution\data\toulon-laspezia\WV02_La_Spezia_2019_05_23_011650590010_0\011650590010_01_003\011650590010_01_003\011650590010_01\011650590010_01_P001_MUL\19MAY23103038-M2AS-011650590010_01_P001.TIF,32632,"POLYGON ((564562.2500000329 4884683.749769065, 570778.2500000629 4884683.749769063, 570778.2500000626 4880899.749769924, 564562.2500000326 4880899.749769926, 564562.2500000329 4884683.749769065))",23521344.0,0.0,0.0,23535126.0,0.999414407214136,train,507
WV02_La_Spezia_2019_06_03_011650596010_0,40,La_Spezia,WV02,203001056350B800,203001056350BA00,64918579,64918580,011650596,2019-06-03 10:25:47.678602+00:00,2019-12-18 18:55:17+00:00,2019-12-18 18:56:24+00:00,16,GeoTiff,0.4958725869655609,0.4958725869655609,1.983490347862244,1.983490347862244,True,2A,NN,WGS84,UTM,32,Meter,15.323728,148.891,65.79131,8,Coastal,Blue,Green,Yellow,Red,RedEdge,NIR,NIR2,C:\Users\ono008\master\multispectral-super-resolution\data\toulon-laspezia\WV02_La_Spezia_2019_06_03_011650596010_0\011650596010_01_003\011650596010_01_003\011650596010_01\011650596010_01_P001_PAN\19JUN03102547-P2AS-011650596010_01_P001.TIF,C:\Users\ono008\master\multispectral-super-resolution\data\toulon-laspezia\WV02_La_Spezia_2019_06_03_011650596010_0\011650596010_01_003\011650596010_01_003\011650596010_01\011650596010_01_P001_MUL\19JUN03102547-M2AS-011650596010_01_P001.TIF,32632,"POLYGON ((564563.0891387045 4884683.91029303, 570777.364398587 4884683.910293029, 570777.3643985868 4880899.410710171, 564563.0891387044 4880899.410710174, 564563.0891387045 4884683.91029303))",23517922.0,0.0,0.0,23535126.0,0.9992690075251774,val,215
WV02_La_Spezia_2019_10_11_011650594010_0,41,La_Spezia,WV02,203001056301AE00,203001056301B100,64904435,64904436,011650594,2019-10-11 10:37:48.621914+00:00,2019-12-18 10:22:21+00:00,2019-12-18 10:23:11+00:00,16,GeoTiff,0.5,0.5,2.0,2.0,True,2A,NN,WGS84,UTM,32,Meter,30.26231,170.55527,38.66295,8,Coastal,Blue,Green,Yellow,Red,RedEdge,NIR,NIR2,C:\Users\ono008\master\multispectral-super-resolution\data\toulon-laspezia\WV02_La_Spezia_2019_10_11_011650594010_0\011650594010_01_003\011650594010_01_003\011650594010_01\011650594010_01_P001_PAN\19OCT11103748-P2AS-011650594010_01_P001.TIF,C:\Users\ono008\master\multispectral-super-resolution\data\toulon-laspezia\WV02_La_Spezia_2019_10_11_011650594010_0\011650594010_01_003\011650594010_01_003\011650594010_01\011650594010_01_P001_MUL\19OCT11103748-M2AS-011650594010_01_P001.TIF,32632,"POLYGON ((564562.2500000329 4884683.749769065, 569646.2500000563 4884683.749769062, 569674.2500000561 4880899.749769923, 564562.2500000326 4880899.749769926, 564562.2500000329 4884683.749769065))",19290832.0,0.0,0.0,23535126.0,0.819661301154708,train,421
WV02_Toulon_2010_11_04_011651051010_0,42,Toulon,WV02,20300105636D8800,20300105636D8A00,64923680,64923681,011651051,2010-11-04 10:53:11.759011+00:00,2019-12-18 20:55:57+00:00,2019-12-18 20:57:20+00:00,16,GeoTiff,0.5,0.5,2.0,2.0,True,2A,NN,WGS84,UTM,31,Meter,17.445522,172.45126,31.351372,8,Coastal,Blue,Green,Yellow,Red,RedEdge,NIR,NIR2,C:\Users\ono008\master\multispectral-super-resolution\data\toulon-laspezia\WV02_Toulon_2010_11_04_011651051010_0\011651051010_01_003\011651051010_01_003\011651051010_01\011651051010_01_P001_PAN\10NOV04105311-P2AS-011651051010_01_P001.TIF,C:\Users\ono008\master\multispectral-super-resolution\data\toulon-laspezia\WV02_Toulon_2010_11_04_011651051010_0\011651051010_01_003\011651051010_01_003\011651051010_01\011651051010_01_P001_MUL\10NOV04105311-M2AS-011651051010_01_P001.TIF,32631,"POLYGON ((734208.2502439567 4778873.749791597, 738918.2502804458 4778873.749791671, 738918.2502794721 4775959.749792291, 734208.2502431099 4775959.749792219, 734208.2502439567 4778873.749791597))",13724940.0,0.0,0.0,13733672.0,0.9993641904364688,val,226
WV02_Toulon_2011_05_04_011651058010_0,43,Toulon,WV02,203001056312A600,203001056312A800,64907387,64907388,011651058,2011-05-04 11:01:46.806361+00:00,2019-12-18 12:07:33+00:00,2019-12-18 12:08:33+00:00,16,GeoTiff,0.479667067527771,0.479667067527771,1.918668270111084,1.918668270111084,True,2A,NN,WGS84,UTM,31,Meter,10.981644,163.6541,62.19349,8,Coastal,Blue,Green,Yellow,Red,RedEdge,NIR,NIR2,C:\Users\ono008\master\multispectral-super-resolution\data\toulon-laspezia\WV02_Toulon_2011_05_04_011651058010_0\011651058010_01_003\011651058010_01_003\011651058010_01\011651058010_01_P001_PAN\11MAY04110146-P2AS-011651058010_01_P001.TIF,C:\Users\ono008\master\multispectral-super-resolution\data\toulon-laspezia\WV02_Toulon_2011_05_04_011651058010_0\011651058010_01_003\011651058010_01_003\011651058010_01\011651058010_01_P001_MUL\11MAY04110146-M2AS-011651058010_01_P001.TIF,32631,"POLYGON ((734209.3523278263 4778872.868362224, 738917.7642991559 4778872.868362296, 738917.7642981822 4775958.411260617, 734209.3523269793 4775958.411260545, 734209.3523278263 4778872.868362224))",13722465.0,0.0,0.0,13733672.0,0.9991839764339792,train,457
WV02_Toulon_2011_12_22_011651063010_0,44,Toulon,WV02,20300105636DC500,20300105636DC800,64923731,64923732,011651063,2011-12-22 10:55:02.006924+00:00,2019-12-18 21:04:01+00:00,2019-12-18 21:04:46+00:00,16,GeoTiff,0.4678681790828705,0.4678681790828705,1.871472716331482,1.871472716331482,True,2A,NN,WGS84,UTM,31,Meter,4.4375753,170.10414,23.015879,8,Coastal,Blue,Green,Yellow,Red,RedEdge,NIR,NIR2,C:\Users\ono008\master\multispectral-super-resolution\data\toulon-laspezia\WV02_Toulon_2011_12_22_011651063010_0\011651063010_01_003\011651063010_01_003\011651063010_01\011651063010_01_P001_PAN\11DEC22105501-P2AS-011651063010_01_P001.TIF,C:\Users\ono008\master\multispectral-super-resolution\data\toulon-laspezia\WV02_Toulon_2011_12_22_011651063010_0\011651063010_01_003\011651063010_01_003\011651063010_01\011651063010_01_P001_MUL\11DEC22105502-M2AS-011651063010_01_P001.TIF,32631,"POLYGON ((734208.9243583526 4778872.720027735, 738919.4212218527 4778872.720027809, 738919.4212208791 4775958.8370091, 734208.9243575056 4775958.837009028, 734208.9243583526 4778872.720027735))",13725837.0,0.0,0.0,13733672.0,0.9994295043597954,test,194
WV02_Toulon_2013_03_16_011651062010_0,45,Toulon,WV02,2030010563428C00,2030010563429000,64915989,64915990,011651062,2013-03-16 11:14:07.677887+00:00,2019-12-18 17:34:25+00:00,2019-12-18 17:35:30+00:00,16,GeoTiff,0.5,0.5,2.0,2.0,True,2A,NN,WGS84,UTM,31,Meter,21.097858,169.07855,44.96489,8,Coastal,Blue,Green,Yellow,Red,RedEdge,NIR,NIR2,C:\Users\ono008\master\multispectral-super-resolution\data\toulon-laspezia\WV02_Toulon_2013_03_16_011651062010_0\011651062010_01_003\011651062010_01_003\011651062010_01\011651062010_01_P001_PAN\13MAR16111407-P2AS-011651062010_01_P001.TIF,C:\Users\ono008\master\multispectral-super-resolution\data\toulon-laspezia\WV02_Toulon_2013_03_16_011651062010_0\011651062010_01_003\011651062010_01_003\011651062010_01\011651062010_01_P001_MUL\13MAR16111407-M2AS-011651062010_01_P001.TIF,32631,"POLYGON ((734208.2502439567 4778873.749791597, 738918.2502804458 4778873.749791671, 738918.2502794721 4775959.749792291, 734208.2502431099 4775959.749792219, 734208.2502439567 4778873.749791597))",13724940.0,0.0,0.0,13733672.0,0.9993641904364688,train,497
WV02_Toulon_2013_04_07_011651056010_0,46,Toulon,WV02,203001056312A000,203001056312A200,64907383,64907384,011651056,2013-04-07 11:04:09.492946+00:00,2019-12-18 12:06:35+00:00,2019-12-18 12:08:02+00:00,16,GeoTiff,0.4763846397399902,0.4763846397399902,1.905538558959961,1.905538558959961,True,2A,NN,WGS84,UTM,31,Meter,8.810269,165.67072,53.276627,8,Coastal,Blue,Green,Yellow,Red,RedEdge,NIR,NIR2,C:\Users\ono008\master\multispectral-super-resolution\data\toulon-laspezia\WV02_Toulon_2013_04_07_011651056010_0\011651056010_01_003\011651056010_01_003\011651056010_01\011651056010_01_P001_PAN\13APR07110409-P2AS-011651056010_01_P001.TIF,C:\Users\ono008\master\multispectral-super-resolution\data\toulon-laspezia\WV02_Toulon_2013_04_07_011651056010_0\011651056010_01_003\011651056010_01_003\011651056010_01\011651056010_01_P001_MUL\13APR07110409-M2AS-011651056010_01_P001.TIF,32631,"POLYGON ((734208.0562806658 4778873.236075138, 738918.5476349076 4778873.236075211, 738918.5476339343 4775959.667619182, 734208.0562798189 4775959.66761911, 734208.0562806658 4778873.236075138))",13724339.0,0.0,0.0,13733672.0,0.9993204293797027,train,544
WV02_Toulon_2013_04_10_011651050010_0,47,Toulon,WV02,20300105636D7B00,20300105636D7F00,64923667,64923668,011651050,2013-04-10 10:54:15.912680+00:00,2019-12-18 20:55:27+00:00,2019-12-18 20:56:18+00:00,16,GeoTiff,0.5,0.5,2.0,2.0,True,2A,NN,WGS84,UTM,31,Meter,19.632204,161.5735,53.898,8,Coastal,Blue,Green,Yellow,Red,RedEdge,NIR,NIR2,C:\Users\ono008\master\multispectral-super-resolution\data\toulon-laspezia\WV02_Toulon_2013_04_10_011651050010_0\011651050010_01_003\011651050010_01_003\011651050010_01\011651050010_01_P001_PAN\13APR10105415-P2AS-011651050010_01_P001.TIF,C:\Users\ono008\master\multispectral-super-resolution\data\toulon-laspezia\WV02_Toulon_2013_04_10_011651050010_0\011651050010_01_003\011651050010_01_003\011651050010_01\011651050010_01_P001_MUL\13APR10105415-M2AS-011651050010_01_P001.TIF,32631,"POLYGON ((734208.2502439567 4778873.749791597, 738918.2502804458 4778873.749791671, 738918.2502794721 4775959.749792291, 734208.2502431099 4775959.749792219, 734208.2502439567 4778873.749791597))",13724940.0,0.0,0.0,13733672.0,0.9993641904364688,val,203
WV02_Toulon_2013_10_09_011651061010_0,48,Toulon,WV02,20300105636DA100,20300105636DA300,64923696,64923697,011651061,2013-10-09 10:50:24.203698+00:00,2019-12-18 20:58:13+00:00,2019-12-18 20:59:33+00:00,16,GeoTiff,0.5,0.5,2.0,2.0,True,2A,NN,WGS84,UTM,31,Meter,26.190783,169.19731,40.09594,8,Coastal,Blue,Green,Yellow,Red,RedEdge,NIR,NIR2,C:\Users\ono008\master\multispectral-super-resolution\data\toulon-laspezia\WV02_Toulon_2013_10_09_011651061010_0\011651061010_01_003\011651061010_01_003\011651061010_01\011651061010_01_P001_PAN\13OCT09105024-P2AS-011651061010_01_P001.TIF,C:\Users\ono008\master\multispectral-super-resolution\data\toulon-laspezia\WV02_Toulon_2013_10_09_011651061010_0\011651061010_01_003\011651061010_01_003\011651061010_01\011651061010_01_P001_MUL\13OCT09105024-M2AS-011651061010_01_P001.TIF,32631,"POLYGON ((734208.2502439567 4778873.749791597, 738918.2502804458 4778873.749791671, 738918.2502794721 4775959.749792291, 734208.2502431099 4775959.749792219, 734208.2502439567 4778873.749791597))",13724940.0,0.0,0.0,13733672.0,0.9993641904364688,test,222
WV02_Toulon_2014_04_06_011651052010_0,49,Toulon,WV02,20300105636D8200,20300105636D8400,64923671,64923672,011651052,2014-04-06 10:57:37.006411+00:00,2019-12-18 20:55:52+00:00,2019-12-18 20:56:54+00:00,16,GeoTiff,0.5,0.5,2.0,2.0,True,2A,NN,WGS84,UTM,31,Meter,22.662071,163.04471,52.47641,8,Coastal,Blue,Green,Yellow,Red,RedEdge,NIR,NIR2,C:\Users\ono008\master\multispectral-super-resolution\data\toulon-laspezia\WV02_Toulon_2014_04_06_011651052010_0\011651052010_01_003\011651052010_01_003\011651052010_01\011651052010_01_P001_PAN\14APR06105737-P2AS-011651052010_01_P001.TIF,C:\Users\ono008\master\multispectral-super-resolution\data\toulon-laspezia\WV02_Toulon_2014_04_06_011651052010_0\011651052010_01_003\011651052010_01_003\011651052010_01\011651052010_01_P001_MUL\14APR06105737-M2AS-011651052010_01_P001.TIF,32631,"POLYGON ((734208.2502439567 4778873.749791597, 738918.2502804458 4778873.749791671, 738918.2502794721 4775959.749792291, 734208.2502431099 4775959.749792219, 734208.2502439567 4778873.749791597))",13724940.0,0.0,0.0,13733672.0,0.9993641904364688,train,473
WV02_Toulon_2015_11_16_011651049010_0,50,Toulon,WV02,203001056359AD00,203001056359AF00,64920167,64920169,011651049,2015-11-16 10:25:07.310560+00:00,2019-12-18 19:33:57+00:00,2019-12-18 19:34:51+00:00,16,GeoTiff,0.5,0.5,2.0,2.0,True,2A,NN,WGS84,UTM,31,Meter,23.60153,165.10455,27.045221,8,Coastal,Blue,Green,Yellow,Red,RedEdge,NIR,NIR2,C:\Users\ono008\master\multispectral-super-resolution\data\toulon-laspezia\WV02_Toulon_2015_11_16_011651049010_0\011651049010_01_003\011651049010_01_003\011651049010_01\011651049010_01_P001_PAN\15NOV16102507-P2AS-011651049010_01_P001.TIF,C:\Users\ono008\master\multispectral-super-resolution\data\toulon-laspezia\WV02_Toulon_2015_11_16_011651049010_0\011651049010_01_003\011651049010_01_003\011651049010_01\011651049010_01_P001_MUL\15NOV16102507-M2AS-011651049010_01_P001.TIF,32631,"POLYGON ((734208.2502439567 4778873.749791597, 738918.2502804458 4778873.749791671, 738918.2502794721 4775959.749792291, 734208.2502431099 4775959.749792219, 734208.2502439567 4778873.749791597))",13724940.0,0.0,0.0,13733672.0,0.9993641904364688,val,206
WV02_Toulon_2016_03_14_011651064010_0,51,Toulon,WV02,20300105636D9800,20300105636D9A00,64923689,64923690,011651064,2016-03-14 10:37:10.324076+00:00,2019-12-18 20:57:43+00:00,2019-12-18 20:58:44+00:00,16,GeoTiff,0.5,0.5,2.0,2.0,True,2A,NN,WGS84,UTM,31,Meter,17.992455,156.64777,42.2617,8,Coastal,Blue,Green,Yellow,Red,RedEdge,NIR,NIR2,C:\Users\ono008\master\multispectral-super-resolution\data\toulon-laspezia\WV02_Toulon_2016_03_14_011651064010_0\011651064010_01_003\011651064010_01_003\011651064010_01\011651064010_01_P001_PAN\16MAR14103710-P2AS-011651064010_01_P001.TIF,C:\Users\ono008\master\multispectral-super-resolution\data\toulon-laspezia\WV02_Toulon_2016_03_14_011651064010_0\011651064010_01_003\011651064010_01_003\011651064010_01\011651064010_01_P001_MUL\16MAR14103710-M2AS-011651064010_01_P001.TIF,32631,"POLYGON ((734208.2502439567 4778873.749791597, 738918.2502804458 4778873.749791671, 738918.2502794721 4775959.749792291, 734208.2502431099 4775959.749792219, 734208.2502439567 4778873.749791597))",13724940.0,13197272.0,0.96155405,13733672.0,0.9993641904364688,train,511
WV02_Toulon_2016_03_22_011651057010_0,52,Toulon,WV02,20300105636D8500,20300105636D8700,64923677,64923678,011651057,2016-03-22 10:41:52.677995+00:00,2019-12-18 20:56:17+00:00,2019-12-18 20:56:54+00:00,16,GeoTiff,0.5,0.5,2.0,2.0,True,2A,NN,WGS84,UTM,31,Meter,17.368587,157.74428,45.793427,8,Coastal,Blue,Green,Yellow,Red,RedEdge,NIR,NIR2,C:\Users\ono008\master\multispectral-super-resolution\data\toulon-laspezia\WV02_Toulon_2016_03_22_011651057010_0\011651057010_01_003\011651057010_01_003\011651057010_01\011651057010_01_P001_PAN\16MAR22104152-P2AS-011651057010_01_P001.TIF,C:\Users\ono008\master\multispectral-super-resolution\data\toulon-laspezia\WV02_Toulon_2016_03_22_011651057010_0\011651057010_01_003\011651057010_01_003\011651057010_01\011651057010_01_P001_MUL\16MAR22104152-M2AS-011651057010_01_P001.TIF,32631,"POLYGON ((734208.2502439567 4778873.749791597, 738918.2502804458 4778873.749791671, 738918.2502794721 4775959.749792291, 734208.2502431099 4775959.749792219, 734208.2502439567 4778873.749791597))",13724940.0,0.0,0.0,13733672.0,0.9993641904364688,train,461
WV02_Toulon_2016_03_25_011651060010_0,53,Toulon,WV02,20300105636D8F00,20300105636D9100,64923683,64923684,011651060,2016-03-25 10:31:03.639724+00:00,2019-12-18 20:57:23+00:00,2019-12-18 20:58:27+00:00,16,GeoTiff,0.4674922227859497,0.4674922227859497,1.869968891143799,1.869968891143799,True,2A,NN,WGS84,UTM,31,Meter,5.0673146,153.83412,46.172466,8,Coastal,Blue,Green,Yellow,Red,RedEdge,NIR,NIR2,C:\Users\ono008\master\multispectral-super-resolution\data\toulon-laspezia\WV02_Toulon_2016_03_25_011651060010_0\011651060010_01_003\011651060010_01_003\011651060010_01\011651060010_01_P001_PAN\16MAR25103103-P2AS-011651060010_01_P001.TIF,C:\Users\ono008\master\multispectral-super-resolution\data\toulon-laspezia\WV02_Toulon_2016_03_25_011651060010_0\011651060010_01_003\011651060010_01_003\011651060010_01\011651060010_01_P001_MUL\16MAR25103103-M2AS-011651060010_01_P001.TIF,32631,"POLYGON ((734350.1073255122 4778873.564563667, 738918.4413620308 4778873.564563738, 738918.4413610568 4775958.283063066, 734454.8255833302 4775958.283062997, 734350.1073255122 4778873.564563667))",13165338.0,0.0,0.0,13733672.0,0.9586174768117369,test,203
WV02_Toulon_2016_03_30_011651053010_0,54,Toulon,WV02,20300105636D9500,20300105636D9700,64923687,64923688,011651053,2016-03-30 10:46:09.382841+00:00,2019-12-18 20:57:42+00:00,2019-12-18 20:58:35+00:00,16,GeoTiff,0.5,0.5,2.0,2.0,True,2A,NN,WGS84,UTM,31,Meter,19.455713,158.8682,49.26273,8,Coastal,Blue,Green,Yellow,Red,RedEdge,NIR,NIR2,C:\Users\ono008\master\multispectral-super-resolution\data\toulon-laspezia\WV02_Toulon_2016_03_30_011651053010_0\011651053010_01_003\011651053010_01_003\011651053010_01\011651053010_01_P001_PAN\16MAR30104609-P2AS-011651053010_01_P001.TIF,C:\Users\ono008\master\multispectral-super-resolution\data\toulon-laspezia\WV02_Toulon_2016_03_30_011651053010_0\011651053010_01_003\011651053010_01_003\011651053010_01\011651053010_01_P001_MUL\16MAR30104609-M2AS-011651053010_01_P001.TIF,32631,"POLYGON ((734208.2502439567 4778873.749791597, 738918.2502804458 4778873.749791671, 738918.2502794721 4775959.749792291, 734208.2502431099 4775959.749792219, 734208.2502439567 4778873.749791597))",13724940.0,2534549.2,0.18466742,13733672.0,0.9993641904364688,test,185
WV02_Toulon_2016_09_28_011651048010_0,55,Toulon,WV02,20300105636D2E00,20300105636D3000,64923613,64923614,011651048,2016-09-28 10:32:19.577472+00:00,2019-12-18 20:51:39+00:00,2019-12-18 20:53:03+00:00,16,GeoTiff,0.5,0.5,2.0,2.0,True,2A,NN,WGS84,UTM,31,Meter,16.392563,161.1534,43.161175,8,Coastal,Blue,Green,Yellow,Red,RedEdge,NIR,NIR2,C:\Users\ono008\master\multispectral-super-resolution\data\toulon-laspezia\WV02_Toulon_2016_09_28_011651048010_0\011651048010_01_003\011651048010_01_003\011651048010_01\011651048010_01_P001_PAN\16SEP28103219-P2AS-011651048010_01_P001.TIF,C:\Users\ono008\master\multispectral-super-resolution\data\toulon-laspezia\WV02_Toulon_2016_09_28_011651048010_0\011651048010_01_003\011651048010_01_003\011651048010_01\011651048010_01_P001_MUL\16SEP28103219-M2AS-011651048010_01_P001.TIF,32631,"POLYGON ((734208.2502439567 4778873.749791597, 738918.2502804458 4778873.749791671, 738918.2502794721 4775959.749792291, 734208.2502431099 4775959.749792219, 734208.2502439567 4778873.749791597))",13724940.0,0.0,0.0,13733672.0,0.9993641904364688,val,207
WV02_Toulon_2017_08_19_011651059010_0,56,Toulon,WV02,20300105636D9D00,20300105636D9F00,64923692,64923693,011651059,2017-08-19 10:37:23.226188+00:00,2019-12-18 20:58:09+00:00,2019-12-18 20:59:06+00:00,16,GeoTiff,0.4846352934837341,0.4846352934837341,1.938541173934937,1.938541173934937,True,2A,NN,WGS84,UTM,31,Meter,12.136677,151.25298,56.827946,8,Coastal,Blue,Green,Yellow,Red,RedEdge,NIR,NIR2,C:\Users\ono008\master\multispectral-super-resolution\data\toulon-laspezia\WV02_Toulon_2017_08_19_011651059010_0\011651059010_01_003\011651059010_01_003\011651059010_01\011651059010_01_P001_PAN\17AUG19103723-P2AS-011651059010_01_P001.TIF,C:\Users\ono008\master\multispectral-super-resolution\data\toulon-laspezia\WV02_Toulon_2017_08_19_011651059010_0\011651059010_01_003\011651059010_01_003\011651059010_01\011651059010_01_P001_MUL\17AUG19103723-M2AS-011651059010_01_P001.TIF,32631,"POLYGON ((734209.1424012497 4778874.01258779, 738917.8589492169 4778874.012587862, 738917.8589482429 4775958.446662884, 734209.1424004021 4775958.446662814, 734209.1424012497 4778874.01258779))",13728574.0,10122310.0,0.7373169,13733672.0,0.9996287955617406,test,192
WV02_Toulon_2019_07_29_011650877010_0,57,Toulon,WV02,20300105630ECF00,20300105630ED300,64906697,64906698,011650877,2019-07-29 11:02:20.771031+00:00,2019-12-18 11:25:47+00:00,2019-12-18 11:26:43+00:00,16,GeoTiff,0.5,0.5,2.0,2.0,True,2A,NN,WGS84,UTM,31,Meter,26.875324,157.34888,64.36267,8,Coastal,Blue,Green,Yellow,Red,RedEdge,NIR,NIR2,C:\Users\ono008\master\multispectral-super-resolution\data\toulon-laspezia\WV02_Toulon_2019_07_29_011650877010_0\011650877010_01_003\011650877010_01_003\011650877010_01\011650877010_01_P001_PAN\19JUL29110220-P2AS-011650877010_01_P001.TIF,C:\Users\ono008\master\multispectral-super-resolution\data\toulon-laspezia\WV02_Toulon_2019_07_29_011650877010_0\011650877010_01_003\011650877010_01_003\011650877010_01\011650877010_01_P001_MUL\19JUL29110220-M2AS-011650877010_01_P001.TIF,32631,"POLYGON ((734208.2502439567 4778873.749791597, 738918.2502804458 4778873.749791671, 738918.2502794721 4775959.749792291, 734208.2502431099 4775959.749792219, 734208.2502439567 4778873.749791597))",13724940.0,0.0,0.0,13733672.0,0.9993641904364688,train,494
WV02_Toulon_2019_08_04_011650878010_0,58,Toulon,WV02,20300105630ECC00,20300105630ECE00,64906695,64906696,011650878,2019-08-04 10:42:25.257462+00:00,2019-12-18 11:25:43+00:00,2019-12-18 11:26:42+00:00,16,GeoTiff,0.5,0.5,2.0,2.0,True,2A,NN,WGS84,UTM,31,Meter,27.84394,148.92947,61.330112,8,Coastal,Blue,Green,Yellow,Red,RedEdge,NIR,NIR2,C:\Users\ono008\master\multispectral-super-resolution\data\toulon-laspezia\WV02_Toulon_2019_08_04_011650878010_0\011650878010_01_003\011650878010_01_003\011650878010_01\011650878010_01_P001_PAN\19AUG04104225-P2AS-011650878010_01_P001.TIF,C:\Users\ono008\master\multispectral-super-resolution\data\toulon-laspezia\WV02_Toulon_2019_08_04_011650878010_0\011650878010_01_003\011650878010_01_003\011650878010_01\011650878010_01_P001_MUL\19AUG04104225-M2AS-011650878010_01_P001.TIF,32631,"POLYGON ((734208.2502439567 4778873.749791597, 738918.2502804458 4778873.749791671, 738918.2502794721 4775959.749792291, 734208.2502431099 4775959.749792219, 734208.2502439567 4778873.749791597))",13724940.0,0.0,0.0,13733672.0,0.9993641904364688,train,456
WV02_Toulon_2019_09_11_011650876010_0,59,Toulon,WV02,20300105630EBC00,20300105630EBF00,64906685,64906686,011650876,2019-09-11 10:42:29.603580+00:00,2019-12-18 11:25:15+00:00,2019-12-18 11:26:08+00:00,16,GeoTiff,0.5,0.5,2.0,2.0,True,2A,NN,WGS84,UTM,31,Meter,23.49668,160.11249,50.049282,8,Coastal,Blue,Green,Yellow,Red,RedEdge,NIR,NIR2,C:\Users\ono008\master\multispectral-super-resolution\data\toulon-laspezia\WV02_Toulon_2019_09_11_011650876010_0\011650876010_01_003\011650876010_01_003\011650876010_01\011650876010_01_P001_PAN\19SEP11104229-P2AS-011650876010_01_P001.TIF,C:\Users\ono008\master\multispectral-super-resolution\data\toulon-laspezia\WV02_Toulon_2019_09_11_011650876010_0\011650876010_01_003\011650876010_01_003\011650876010_01\011650876010_01_P001_MUL\19SEP11104229-M2AS-011650876010_01_P001.TIF,32631,"POLYGON ((734208.2502439567 4778873.749791597, 738918.2502804458 4778873.749791671, 738918.2502794721 4775959.749792291, 734208.2502431099 4775959.749792219, 734208.2502439567 4778873.749791597))",13724940.0,1307472.2,0.09526251,13733672.0,0.9993641904364688,train,481
WV02_Toulon_2019_10_16_011650874010_0,60,Toulon,WV02,20300105630EC000,20300105630EC200,64906689,64906690,011650874,2019-10-16 10:53:51.547908+00:00,2019-12-18 11:25:31+00:00,2019-12-18 11:26:33+00:00,16,GeoTiff,0.5,0.5,2.0,2.0,True,2A,NN,WGS84,UTM,31,Meter,28.282766,171.1832,37.822414,8,Coastal,Blue,Green,Yellow,Red,RedEdge,NIR,NIR2,C:\Users\ono008\master\multispectral-super-resolution\data\toulon-laspezia\WV02_Toulon_2019_10_16_011650874010_0\011650874010_01_003\011650874010_01_003\011650874010_01\011650874010_01_P001_PAN\19OCT16105351-P2AS-011650874010_01_P001.TIF,C:\Users\ono008\master\multispectral-super-resolution\data\toulon-laspezia\WV02_Toulon_2019_10_16_011650874010_0\011650874010_01_003\011650874010_01_003\011650874010_01\011650874010_01_P001_MUL\19OCT16105351-M2AS-011650874010_01_P001.TIF,32631,"POLYGON ((734208.2502439567 4778873.749791597, 738918.2502804458 4778873.749791671, 738918.2502794721 4775959.749792291, 734208.2502431099 4775959.749792219, 734208.2502439567 4778873.749791597))",13724940.0,0.0,0.0,13733672.0,0.9993641904364688,val,176
WV02_Toulon_2019_12_15_011650875010_0,61,Toulon,WV02,20300105630EC600,20300105630EC800,64906691,64906692,011650875,2019-12-15 10:42:58.451954+00:00,2019-12-18 11:25:44+00:00,2019-12-18 11:26:39+00:00,16,GeoTiff,0.5,0.5,2.0,2.0,True,2A,NN,WGS84,UTM,31,Meter,25.915115,167.94025,22.89004,8,Coastal,Blue,Green,Yellow,Red,RedEdge,NIR,NIR2,C:\Users\ono008\master\multispectral-super-resolution\data\toulon-laspezia\WV02_Toulon_2019_12_15_011650875010_0\011650875010_01_003\011650875010_01_003\011650875010_01\011650875010_01_P001_PAN\19DEC15104258-P2AS-011650875010_01_P001.TIF,C:\Users\ono008\master\multispectral-super-resolution\data\toulon-laspezia\WV02_Toulon_2019_12_15_011650875010_0\011650875010_01_003\011650875010_01_003\011650875010_01\011650875010_01_P001_MUL\19DEC15104258-M2AS-011650875010_01_P001.TIF,32631,"POLYGON ((734208.2502439567 4778873.749791597, 738918.2502804458 4778873.749791671, 738918.2502794721 4775959.749792291, 734208.2502431099 4775959.749792219, 734208.2502439567 4778873.749791597))",13724940.0,0.0,0.0,13733672.0,0.9993641904364688,train,491
